#
# There is insufficient memory for the Java Runtime Environment to continue.
# Native memory allocation (mmap) failed to map 65536 bytes. Error detail: Failed to commit metaspace.
# Possible reasons:
#   The system is out of physical RAM or swap space
#   This process is running with CompressedOops enabled, and the Java Heap may be blocking the growth of the native heap
# Possible solutions:
#   Reduce memory load on the system
#   Increase physical memory or swap space
#   Check if swap backing store is full
#   Decrease Java heap size (-Xmx/-Xms)
#   Decrease number of Java threads
#   Decrease Java thread stack sizes (-Xss)
#   Set larger code cache with -XX:ReservedCodeCacheSize=
#   JVM is running with Unscaled Compressed Oops mode in which the Java heap is
#     placed in the first 4GB address space. The Java Heap base address is the
#     maximum limit for the native heap growth. Please use -XX:HeapBaseMinAddress
#     to set the Java Heap base and to place the Java Heap above 4GB virtual address.
# This output file may be truncated or incomplete.
#
#  Out of Memory Error (virtualSpaceNode.cpp:113), pid=9512, tid=54132
#
# JRE version: OpenJDK Runtime Environment Temurin-21.0.8+9 (21.0.8+9) (build 21.0.8+9-LTS)
# Java VM: OpenJDK 64-Bit Server VM Temurin-21.0.8+9 (21.0.8+9-LTS, mixed mode, sharing, tiered, compressed oops, compressed class ptrs, parallel gc, windows-amd64)
# No core dump will be written. Minidumps are not enabled by default on client versions of Windows
#

---------------  S U M M A R Y ------------

Command Line: --add-modules=ALL-SYSTEM --add-opens=java.base/java.util=ALL-UNNAMED --add-opens=java.base/java.lang=ALL-UNNAMED --add-opens=java.base/sun.nio.fs=ALL-UNNAMED -Declipse.application=org.eclipse.jdt.ls.core.id1 -Dosgi.bundles.defaultStartLevel=4 -Declipse.product=org.eclipse.jdt.ls.core.product -Djava.import.generatesMetadataFilesAtProjectRoot=false -DDetectVMInstallationsJob.disabled=true -Dfile.encoding=utf8 -XX:+UseParallelGC -XX:GCTimeRatio=4 -XX:AdaptiveSizePolicyWeight=90 -Dsun.zip.disableMemoryMapping=true -Xmx2G -Xms100m -Xlog:disable -javaagent:c:\Users\servisofts\.vscode\extensions\redhat.java-1.44.0-win32-x64\lombok\lombok-1.18.39-4050.jar c:\Users\servisofts\.vscode\extensions\redhat.java-1.44.0-win32-x64\server\plugins\org.eclipse.equinox.launcher_1.7.0.v20250519-0528.jar -configuration c:\Users\servisofts\AppData\Roaming\Code\User\globalStorage\redhat.java\1.44.0\config_ss_win -data c:\Users\servisofts\AppData\Roaming\Code\User\workspaceStorage\fece6ea9eaba2aae0ff9ddea0214f5d6\redhat.java\ss_ws --pipe=\\.\pipe\lsp-7cc4c315799f5881ae41223d8eba2188-sock

Host: Intel(R) Core(TM) i5-6400 CPU @ 2.70GHz, 4 cores, 15G,  Windows 10 , 64 bit Build 19041 (10.0.19041.5915)
Time: Thu Aug 28 01:57:05 2025 SA Western Standard Time elapsed time: 3.329773 seconds (0d 0h 0m 3s)

---------------  T H R E A D  ---------------

Current thread (0x000001d071b1a2b0):  JavaThread "Start Level: Equinox Container: 0df3f382-553c-49b2-a369-00f214caf111" daemon [_thread_in_vm, id=54132, stack(0x000000bd37300000,0x000000bd37400000) (1024K)]

Stack: [0x000000bd37300000,0x000000bd37400000]
Native frames: (J=compiled Java code, j=interpreted, Vv=VM code, C=native code)
V  [jvm.dll+0x6d2449]
V  [jvm.dll+0x8ae341]
V  [jvm.dll+0x8b08be]
V  [jvm.dll+0x8b0fa3]
V  [jvm.dll+0x280c96]
V  [jvm.dll+0x8aa07e]
V  [jvm.dll+0x6745b5]
V  [jvm.dll+0x1e5b2c]
V  [jvm.dll+0x1e58fe]
V  [jvm.dll+0x676eb2]
V  [jvm.dll+0x676cd2]
V  [jvm.dll+0x674f8e]
V  [jvm.dll+0x26a9af]
V  [jvm.dll+0x67f1f5]
V  [jvm.dll+0x21695d]
V  [jvm.dll+0x216eda]
V  [jvm.dll+0x217905]
V  [jvm.dll+0x20cece]
V  [jvm.dll+0x5b19dc]
V  [jvm.dll+0x827606]
V  [jvm.dll+0x4741b6]
V  [jvm.dll+0x47a088]
C  [java.dll+0x17ec]

Java frames: (J=compiled Java code, j=interpreted, Vv=VM code)
J 1134  java.lang.ClassLoader.defineClass1(Ljava/lang/ClassLoader;Ljava/lang/String;[BIILjava/security/ProtectionDomain;Ljava/lang/String;)Ljava/lang/Class; java.base@21.0.8 (0 bytes) @ 0x000001d065022211 [0x000001d065022140+0x00000000000000d1]
J 1772 c1 java.lang.ClassLoader.defineClass(Ljava/lang/String;[BIILjava/security/ProtectionDomain;)Ljava/lang/Class; java.base@21.0.8 (43 bytes) @ 0x000001d05d7f9cfc [0x000001d05d7f99a0+0x000000000000035c]
J 2479 c1 org.eclipse.osgi.internal.loader.ModuleClassLoader.defineClass(Ljava/lang/String;[BLorg/eclipse/osgi/internal/loader/classpath/ClasspathEntry;)Lorg/eclipse/osgi/internal/loader/ModuleClassLoader$DefineClassResult; (67 bytes) @ 0x000001d05d99083c [0x000001d05d990520+0x000000000000031c]
J 2311 c1 org.eclipse.osgi.internal.loader.classpath.ClasspathManager.defineClass(Ljava/lang/String;[BLorg/eclipse/osgi/internal/loader/classpath/ClasspathEntry;Lorg/eclipse/osgi/storage/bundlefile/BundleEntry;Ljava/util/List;)Ljava/lang/Class; (636 bytes) @ 0x000001d05d937f64 [0x000001d05d9364c0+0x0000000000001aa4]
J 2127 c1 org.eclipse.osgi.internal.loader.classpath.ClasspathManager.findClassImpl(Ljava/lang/String;Lorg/eclipse/osgi/internal/loader/classpath/ClasspathEntry;Ljava/util/List;)Ljava/lang/Class; (343 bytes) @ 0x000001d05d8bdbd4 [0x000001d05d8ba620+0x00000000000035b4]
J 1938 c1 org.eclipse.osgi.internal.loader.classpath.ClasspathManager.findLocalClassImpl(Ljava/lang/String;[Lorg/eclipse/osgi/internal/loader/classpath/ClasspathEntry;Ljava/util/List;)Ljava/lang/Class; (55 bytes) @ 0x000001d05d858ee4 [0x000001d05d858d60+0x0000000000000184]
J 1937 c1 org.eclipse.osgi.internal.loader.classpath.ClasspathManager.findLocalClassImpl(Ljava/lang/String;Ljava/util/List;)Ljava/lang/Class; (132 bytes) @ 0x000001d05d858494 [0x000001d05d857f60+0x0000000000000534]
J 2063 c1 org.eclipse.osgi.internal.loader.classpath.ClasspathManager.findLocalClass(Ljava/lang/String;)Ljava/lang/Class; (210 bytes) @ 0x000001d05d894c24 [0x000001d05d893f60+0x0000000000000cc4]
J 1927 c1 org.eclipse.osgi.internal.loader.BundleLoader.findLocalClass(Ljava/lang/String;)Ljava/lang/Class; (166 bytes) @ 0x000001d05d84d6ec [0x000001d05d84cb40+0x0000000000000bac]
J 1883 c1 org.eclipse.osgi.internal.loader.BundleLoader.findClass0(Ljava/lang/String;ZZ)Ljava/lang/Class; (491 bytes) @ 0x000001d05d82c2c4 [0x000001d05d829320+0x0000000000002fa4]
J 1845 c1 org.eclipse.osgi.internal.loader.BundleLoader.findClass(Ljava/lang/String;)Ljava/lang/Class; (8 bytes) @ 0x000001d05d81accc [0x000001d05d81ac40+0x000000000000008c]
J 1848 c1 org.eclipse.osgi.internal.loader.ModuleClassLoader.loadClass(Ljava/lang/String;Z)Ljava/lang/Class; (36 bytes) @ 0x000001d05d81bc4c [0x000001d05d81ba20+0x000000000000022c]
J 1018 c1 java.lang.ClassLoader.loadClass(Ljava/lang/String;)Ljava/lang/Class; java.base@21.0.8 (7 bytes) @ 0x000001d05d66e4d4 [0x000001d05d66e3c0+0x0000000000000114]
v  ~StubRoutines::call_stub 0x000001d064a1100d
J 1134  java.lang.ClassLoader.defineClass1(Ljava/lang/ClassLoader;Ljava/lang/String;[BIILjava/security/ProtectionDomain;Ljava/lang/String;)Ljava/lang/Class; java.base@21.0.8 (0 bytes) @ 0x000001d065022211 [0x000001d065022140+0x00000000000000d1]
J 1772 c1 java.lang.ClassLoader.defineClass(Ljava/lang/String;[BIILjava/security/ProtectionDomain;)Ljava/lang/Class; java.base@21.0.8 (43 bytes) @ 0x000001d05d7f9cfc [0x000001d05d7f99a0+0x000000000000035c]
J 2479 c1 org.eclipse.osgi.internal.loader.ModuleClassLoader.defineClass(Ljava/lang/String;[BLorg/eclipse/osgi/internal/loader/classpath/ClasspathEntry;)Lorg/eclipse/osgi/internal/loader/ModuleClassLoader$DefineClassResult; (67 bytes) @ 0x000001d05d99083c [0x000001d05d990520+0x000000000000031c]
J 2311 c1 org.eclipse.osgi.internal.loader.classpath.ClasspathManager.defineClass(Ljava/lang/String;[BLorg/eclipse/osgi/internal/loader/classpath/ClasspathEntry;Lorg/eclipse/osgi/storage/bundlefile/BundleEntry;Ljava/util/List;)Ljava/lang/Class; (636 bytes) @ 0x000001d05d937f64 [0x000001d05d9364c0+0x0000000000001aa4]
J 2127 c1 org.eclipse.osgi.internal.loader.classpath.ClasspathManager.findClassImpl(Ljava/lang/String;Lorg/eclipse/osgi/internal/loader/classpath/ClasspathEntry;Ljava/util/List;)Ljava/lang/Class; (343 bytes) @ 0x000001d05d8bdbd4 [0x000001d05d8ba620+0x00000000000035b4]
J 1938 c1 org.eclipse.osgi.internal.loader.classpath.ClasspathManager.findLocalClassImpl(Ljava/lang/String;[Lorg/eclipse/osgi/internal/loader/classpath/ClasspathEntry;Ljava/util/List;)Ljava/lang/Class; (55 bytes) @ 0x000001d05d858ee4 [0x000001d05d858d60+0x0000000000000184]
J 1937 c1 org.eclipse.osgi.internal.loader.classpath.ClasspathManager.findLocalClassImpl(Ljava/lang/String;Ljava/util/List;)Ljava/lang/Class; (132 bytes) @ 0x000001d05d858494 [0x000001d05d857f60+0x0000000000000534]
J 2063 c1 org.eclipse.osgi.internal.loader.classpath.ClasspathManager.findLocalClass(Ljava/lang/String;)Ljava/lang/Class; (210 bytes) @ 0x000001d05d894c24 [0x000001d05d893f60+0x0000000000000cc4]
J 1927 c1 org.eclipse.osgi.internal.loader.BundleLoader.findLocalClass(Ljava/lang/String;)Ljava/lang/Class; (166 bytes) @ 0x000001d05d84d6ec [0x000001d05d84cb40+0x0000000000000bac]
J 1883 c1 org.eclipse.osgi.internal.loader.BundleLoader.findClass0(Ljava/lang/String;ZZ)Ljava/lang/Class; (491 bytes) @ 0x000001d05d82c2c4 [0x000001d05d829320+0x0000000000002fa4]
J 1845 c1 org.eclipse.osgi.internal.loader.BundleLoader.findClass(Ljava/lang/String;)Ljava/lang/Class; (8 bytes) @ 0x000001d05d81accc [0x000001d05d81ac40+0x000000000000008c]
J 1848 c1 org.eclipse.osgi.internal.loader.ModuleClassLoader.loadClass(Ljava/lang/String;Z)Ljava/lang/Class; (36 bytes) @ 0x000001d05d81bc4c [0x000001d05d81ba20+0x000000000000022c]
J 1018 c1 java.lang.ClassLoader.loadClass(Ljava/lang/String;)Ljava/lang/Class; java.base@21.0.8 (7 bytes) @ 0x000001d05d66e4d4 [0x000001d05d66e3c0+0x0000000000000114]
v  ~StubRoutines::call_stub 0x000001d064a1100d
J 1134  java.lang.ClassLoader.defineClass1(Ljava/lang/ClassLoader;Ljava/lang/String;[BIILjava/security/ProtectionDomain;Ljava/lang/String;)Ljava/lang/Class; java.base@21.0.8 (0 bytes) @ 0x000001d065022211 [0x000001d065022140+0x00000000000000d1]
J 1772 c1 java.lang.ClassLoader.defineClass(Ljava/lang/String;[BIILjava/security/ProtectionDomain;)Ljava/lang/Class; java.base@21.0.8 (43 bytes) @ 0x000001d05d7f9cfc [0x000001d05d7f99a0+0x000000000000035c]
J 2479 c1 org.eclipse.osgi.internal.loader.ModuleClassLoader.defineClass(Ljava/lang/String;[BLorg/eclipse/osgi/internal/loader/classpath/ClasspathEntry;)Lorg/eclipse/osgi/internal/loader/ModuleClassLoader$DefineClassResult; (67 bytes) @ 0x000001d05d99083c [0x000001d05d990520+0x000000000000031c]
J 2311 c1 org.eclipse.osgi.internal.loader.classpath.ClasspathManager.defineClass(Ljava/lang/String;[BLorg/eclipse/osgi/internal/loader/classpath/ClasspathEntry;Lorg/eclipse/osgi/storage/bundlefile/BundleEntry;Ljava/util/List;)Ljava/lang/Class; (636 bytes) @ 0x000001d05d937f64 [0x000001d05d9364c0+0x0000000000001aa4]
J 2127 c1 org.eclipse.osgi.internal.loader.classpath.ClasspathManager.findClassImpl(Ljava/lang/String;Lorg/eclipse/osgi/internal/loader/classpath/ClasspathEntry;Ljava/util/List;)Ljava/lang/Class; (343 bytes) @ 0x000001d05d8bdbd4 [0x000001d05d8ba620+0x00000000000035b4]
J 1938 c1 org.eclipse.osgi.internal.loader.classpath.ClasspathManager.findLocalClassImpl(Ljava/lang/String;[Lorg/eclipse/osgi/internal/loader/classpath/ClasspathEntry;Ljava/util/List;)Ljava/lang/Class; (55 bytes) @ 0x000001d05d858ee4 [0x000001d05d858d60+0x0000000000000184]
J 1937 c1 org.eclipse.osgi.internal.loader.classpath.ClasspathManager.findLocalClassImpl(Ljava/lang/String;Ljava/util/List;)Ljava/lang/Class; (132 bytes) @ 0x000001d05d858494 [0x000001d05d857f60+0x0000000000000534]
J 2063 c1 org.eclipse.osgi.internal.loader.classpath.ClasspathManager.findLocalClass(Ljava/lang/String;)Ljava/lang/Class; (210 bytes) @ 0x000001d05d894c24 [0x000001d05d893f60+0x0000000000000cc4]
J 1927 c1 org.eclipse.osgi.internal.loader.BundleLoader.findLocalClass(Ljava/lang/String;)Ljava/lang/Class; (166 bytes) @ 0x000001d05d84d6ec [0x000001d05d84cb40+0x0000000000000bac]
J 1883 c1 org.eclipse.osgi.internal.loader.BundleLoader.findClass0(Ljava/lang/String;ZZ)Ljava/lang/Class; (491 bytes) @ 0x000001d05d82c2c4 [0x000001d05d829320+0x0000000000002fa4]
J 1845 c1 org.eclipse.osgi.internal.loader.BundleLoader.findClass(Ljava/lang/String;)Ljava/lang/Class; (8 bytes) @ 0x000001d05d81accc [0x000001d05d81ac40+0x000000000000008c]
J 1848 c1 org.eclipse.osgi.internal.loader.ModuleClassLoader.loadClass(Ljava/lang/String;Z)Ljava/lang/Class; (36 bytes) @ 0x000001d05d81bc4c [0x000001d05d81ba20+0x000000000000022c]
J 1018 c1 java.lang.ClassLoader.loadClass(Ljava/lang/String;)Ljava/lang/Class; java.base@21.0.8 (7 bytes) @ 0x000001d05d66e4d4 [0x000001d05d66e3c0+0x0000000000000114]
v  ~StubRoutines::call_stub 0x000001d064a1100d
j  org.eclipse.jdt.internal.core.JavaModelManager$8.optionsChanged(Lorg/eclipse/osgi/service/debug/DebugOptions;)V+630
j  org.eclipse.osgi.internal.debug.FrameworkDebugOptions.addingService(Lorg/osgi/framework/ServiceReference;)Lorg/eclipse/osgi/service/debug/DebugOptionsListener;+16
j  org.eclipse.osgi.internal.debug.FrameworkDebugOptions.addingService(Lorg/osgi/framework/ServiceReference;)Ljava/lang/Object;+5
j  org.osgi.util.tracker.ServiceTracker$Tracked.customizerAdding(Lorg/osgi/framework/ServiceReference;Lorg/osgi/framework/ServiceEvent;)Ljava/lang/Object;+8
j  org.osgi.util.tracker.ServiceTracker$Tracked.customizerAdding(Ljava/lang/Object;Ljava/lang/Object;)Ljava/lang/Object;+9
j  org.osgi.util.tracker.AbstractTracked.trackAdding(Ljava/lang/Object;Ljava/lang/Object;)V+8
j  org.osgi.util.tracker.AbstractTracked.track(Ljava/lang/Object;Ljava/lang/Object;)V+83
j  org.osgi.util.tracker.ServiceTracker$Tracked.serviceChanged(Lorg/osgi/framework/ServiceEvent;)V+67
J 1818 c1 org.eclipse.osgi.internal.serviceregistry.FilteredServiceListener.serviceChanged(Lorg/osgi/framework/ServiceEvent;)V (296 bytes) @ 0x000001d05d811f34 [0x000001d05d80f620+0x0000000000002914]
J 1918 c1 org.eclipse.osgi.internal.framework.BundleContextImpl.dispatchEvent(Ljava/lang/Object;Ljava/lang/Object;ILjava/lang/Object;)V (577 bytes) @ 0x000001d05d8424d4 [0x000001d05d83ec00+0x00000000000038d4]
J 2077 c1 org.eclipse.osgi.framework.eventmgr.EventManager.dispatchEvent(Ljava/util/Set;Lorg/eclipse/osgi/framework/eventmgr/EventDispatcher;ILjava/lang/Object;)V (69 bytes) @ 0x000001d05d89d0d4 [0x000001d05d89cbc0+0x0000000000000514]
j  org.eclipse.osgi.framework.eventmgr.ListenerQueue.dispatchEventSynchronous(ILjava/lang/Object;)V+67
j  org.eclipse.osgi.internal.serviceregistry.ServiceRegistry.publishServiceEventPrivileged(Lorg/osgi/framework/ServiceEvent;)V+320
j  org.eclipse.osgi.internal.serviceregistry.ServiceRegistry.publishServiceEvent(Lorg/osgi/framework/ServiceEvent;)V+8
j  org.eclipse.osgi.internal.serviceregistry.ServiceRegistrationImpl.register(Ljava/util/Dictionary;)V+137
j  org.eclipse.osgi.internal.serviceregistry.ServiceRegistry.registerService(Lorg/eclipse/osgi/internal/framework/BundleContextImpl;[Ljava/lang/String;Ljava/lang/Object;Ljava/util/Dictionary;)Lorg/eclipse/osgi/internal/serviceregistry/ServiceRegistrationImpl;+317
j  org.eclipse.osgi.internal.framework.BundleContextImpl.registerService([Ljava/lang/String;Ljava/lang/Object;Ljava/util/Dictionary;)Lorg/osgi/framework/ServiceRegistration;+15
j  org.eclipse.osgi.internal.framework.BundleContextImpl.registerService(Ljava/lang/String;Ljava/lang/Object;Ljava/util/Dictionary;)Lorg/osgi/framework/ServiceRegistration;+15
j  org.eclipse.osgi.internal.framework.BundleContextImpl.registerService(Ljava/lang/Class;Ljava/lang/Object;Ljava/util/Dictionary;)Lorg/osgi/framework/ServiceRegistration;+7
j  org.eclipse.jdt.internal.core.JavaModelManager.registerDebugOptionsListener(Lorg/osgi/framework/BundleContext;)V+32
j  org.eclipse.jdt.core.JavaCore.start(Lorg/osgi/framework/BundleContext;)V+6
j  org.eclipse.osgi.internal.framework.BundleContextImpl$2.run()Ljava/lang/Void;+23
j  org.eclipse.osgi.internal.framework.BundleContextImpl$2.run()Ljava/lang/Object;+1
J 1173 c1 java.security.AccessController.executePrivileged(Ljava/security/PrivilegedExceptionAction;Ljava/security/AccessControlContext;Ljava/lang/Class;)Ljava/lang/Object; java.base@21.0.8 (65 bytes) @ 0x000001d05d6b8c44 [0x000001d05d6b8ae0+0x0000000000000164]
j  java.security.AccessController.doPrivileged(Ljava/security/PrivilegedExceptionAction;)Ljava/lang/Object;+9 java.base@21.0.8
j  org.eclipse.osgi.internal.framework.BundleContextImpl.startActivator(Lorg/osgi/framework/BundleActivator;)V+9
j  org.eclipse.osgi.internal.framework.BundleContextImpl.start()V+141
j  org.eclipse.osgi.internal.framework.EquinoxBundle.startWorker0()V+35
j  org.eclipse.osgi.internal.framework.EquinoxBundle$EquinoxModule.startWorker()V+4
j  org.eclipse.osgi.container.Module.doStart([Lorg/eclipse/osgi/container/Module$StartOptions;)Lorg/eclipse/osgi/container/ModuleContainerAdaptor$ModuleEvent;+200
J 2334 c1 org.eclipse.osgi.container.Module.start([Lorg/eclipse/osgi/container/Module$StartOptions;)V (662 bytes) @ 0x000001d05d9440bc [0x000001d05d941fc0+0x00000000000020fc]
J 2560 c1 org.eclipse.osgi.framework.util.SecureAction.start(Lorg/eclipse/osgi/container/Module;[Lorg/eclipse/osgi/container/Module$StartOptions;)V (61 bytes) @ 0x000001d05d9ae59c [0x000001d05d9ae3e0+0x00000000000001bc]
J 1929 c1 org.eclipse.osgi.internal.hooks.EclipseLazyStarter.postFindLocalClass(Ljava/lang/String;Ljava/lang/Class;Lorg/eclipse/osgi/internal/loader/classpath/ClasspathManager;)V (394 bytes) @ 0x000001d05d850e14 [0x000001d05d84fe40+0x0000000000000fd4]
J 2063 c1 org.eclipse.osgi.internal.loader.classpath.ClasspathManager.findLocalClass(Ljava/lang/String;)Ljava/lang/Class; (210 bytes) @ 0x000001d05d894f74 [0x000001d05d893f60+0x0000000000001014]
J 1927 c1 org.eclipse.osgi.internal.loader.BundleLoader.findLocalClass(Ljava/lang/String;)Ljava/lang/Class; (166 bytes) @ 0x000001d05d84d6ec [0x000001d05d84cb40+0x0000000000000bac]
J 2125 c1 org.eclipse.osgi.internal.loader.sources.SingleSourcePackage.loadClass(Ljava/lang/String;)Ljava/lang/Class; (9 bytes) @ 0x000001d05d8b77cc [0x000001d05d8b76c0+0x000000000000010c]
J 1883 c1 org.eclipse.osgi.internal.loader.BundleLoader.findClass0(Ljava/lang/String;ZZ)Ljava/lang/Class; (491 bytes) @ 0x000001d05d82c1cc [0x000001d05d829320+0x0000000000002eac]
J 1845 c1 org.eclipse.osgi.internal.loader.BundleLoader.findClass(Ljava/lang/String;)Ljava/lang/Class; (8 bytes) @ 0x000001d05d81accc [0x000001d05d81ac40+0x000000000000008c]
J 1848 c1 org.eclipse.osgi.internal.loader.ModuleClassLoader.loadClass(Ljava/lang/String;Z)Ljava/lang/Class; (36 bytes) @ 0x000001d05d81bc4c [0x000001d05d81ba20+0x000000000000022c]
J 1018 c1 java.lang.ClassLoader.loadClass(Ljava/lang/String;)Ljava/lang/Class; java.base@21.0.8 (7 bytes) @ 0x000001d05d66e4d4 [0x000001d05d66e3c0+0x0000000000000114]
v  ~StubRoutines::call_stub 0x000001d064a1100d
j  java.lang.Class.getDeclaredConstructors0(Z)[Ljava/lang/reflect/Constructor;+0 java.base@21.0.8
j  java.lang.Class.privateGetDeclaredConstructors(Z)[Ljava/lang/reflect/Constructor;+52 java.base@21.0.8
j  java.lang.Class.getConstructor0([Ljava/lang/Class;I)Ljava/lang/reflect/Constructor;+14 java.base@21.0.8
j  java.lang.Class.getConstructor([Ljava/lang/Class;)Ljava/lang/reflect/Constructor;+24 java.base@21.0.8
j  org.eclipse.osgi.internal.framework.BundleContextImpl.loadBundleActivator()Lorg/osgi/framework/BundleActivator;+105
j  org.eclipse.osgi.internal.framework.BundleContextImpl.start()V+18
j  org.eclipse.osgi.internal.framework.EquinoxBundle.startWorker0()V+35
j  org.eclipse.osgi.internal.framework.EquinoxBundle$EquinoxModule.startWorker()V+4
j  org.eclipse.osgi.container.Module.doStart([Lorg/eclipse/osgi/container/Module$StartOptions;)Lorg/eclipse/osgi/container/ModuleContainerAdaptor$ModuleEvent;+200
j  org.eclipse.osgi.container.Module.start([Lorg/eclipse/osgi/container/Module$StartOptions;)V+460
j  org.eclipse.osgi.container.ModuleContainer$ContainerStartLevel$2.run()V+83
j  org.eclipse.osgi.internal.framework.EquinoxContainerAdaptor$1$1.execute(Ljava/lang/Runnable;)V+1
j  org.eclipse.osgi.container.ModuleContainer$ContainerStartLevel.incStartLevel(ILjava/util/List;Z)V+193
j  org.eclipse.osgi.container.ModuleContainer$ContainerStartLevel.incStartLevel(ILjava/util/List;Ljava/util/List;Ljava/util/List;Ljava/util/List;)V+19
j  org.eclipse.osgi.container.ModuleContainer$ContainerStartLevel.doContainerStartLevel(Lorg/eclipse/osgi/container/Module;I[Lorg/osgi/framework/FrameworkListener;)V+358
j  org.eclipse.osgi.container.ModuleContainer$ContainerStartLevel.dispatchEvent(Lorg/eclipse/osgi/container/Module;[Lorg/osgi/framework/FrameworkListener;ILjava/lang/Integer;)V+32
j  org.eclipse.osgi.container.ModuleContainer$ContainerStartLevel.dispatchEvent(Ljava/lang/Object;Ljava/lang/Object;ILjava/lang/Object;)V+15
j  org.eclipse.osgi.framework.eventmgr.EventManager.dispatchEvent(Ljava/util/Set;Lorg/eclipse/osgi/framework/eventmgr/EventDispatcher;ILjava/lang/Object;)V+48
j  org.eclipse.osgi.framework.eventmgr.EventManager$EventThread.run()V+26
v  ~StubRoutines::call_stub 0x000001d064a1100d

Compiled method (n/a) 3398 1134     n 0       java.lang.ClassLoader::defineClass1 (native)
 total in heap  [0x000001d065021f90,0x000001d065022418] = 1160
 relocation     [0x000001d0650220f0,0x000001d065022128] = 56
 main code      [0x000001d065022140,0x000001d065022416] = 726
 stub code      [0x000001d065022416,0x000001d065022418] = 2

[Constant Pool (empty)]

[MachCode]
[Entry Point]
  # {method} {0x000001d000436e28} 'defineClass1' '(Ljava/lang/ClassLoader;Ljava/lang/String;[BIILjava/security/ProtectionDomain;Ljava/lang/String;)Ljava/lang/Class;' in 'java/lang/ClassLoader'
  # parm0:    rdx:rdx   = 'java/lang/ClassLoader'
  # parm1:    r8:r8     = 'java/lang/String'
  # parm2:    r9:r9     = '[B'
  # parm3:    rdi       = int
  # parm4:    rsi       = int
  # parm5:    rcx:rcx   = 'java/security/ProtectionDomain'
  # parm6:    [sp+0xa0]   = 'java/lang/String'  (sp of caller)
  0x000001d065022140: 448b 5208 | 49bb 0000 | 0000 d001 | 0000 4d03 | d349 3bc2 | 0f84 0600 

  0x000001d065022158: ;   {runtime_call ic_miss_stub}
  0x000001d065022158: 0000 e921 | c3a3 ff90 
[Verified Entry Point]
  0x000001d065022160: 8984 2400 | 80ff ff55 | 488b ec48 | 81ec 9000 | 0000 6690 | 4181 7f20 | 0100 0000 

  0x000001d06502217c: ;   {runtime_call StubRoutines (final stubs)}
  0x000001d06502217c: 7405 e85d | 68a2 ff48 | 837d 1000 | 488d 4510 | 480f 4445 | 1048 8944 | 2440 4889 | 4c24 7048 
  0x000001d06502219c: 83f9 0048 | 8d44 2470 | 480f 4444 | 2470 4889 | 4424 3848 | 8974 2430 | 4889 7c24 | 284c 894c 
  0x000001d0650221bc: 2458 4983 | f900 488d | 4424 5848 | 0f44 4424 | 5848 8944 | 2420 4c89 | 4424 5049 | 83f8 004c 
  0x000001d0650221dc: 8d4c 2450 | 4c0f 444c | 2450 4889 | 5424 4848 | 83fa 004c | 8d44 2448 | 4c0f 4444 

  0x000001d0650221f8: ;   {oop(a 'java/lang/Class'{0x0000000080005498} = 'java/lang/ClassLoader')}
  0x000001d0650221f8: 2448 49be | 9854 0080 | 0000 0000 | 4c89 7424 | 784c 8d74 | 2478 498b | d6c5 f877 

  0x000001d065022214: ;   {internal_word}
  0x000001d065022214: 49ba 1122 | 0265 d001 | 0000 4d89 | 97a0 0300 | 0049 89a7 | 9803 0000 

  0x000001d06502222c: ;   {external_word}
  0x000001d06502222c: 49ba 56cc | 5462 f97f | 0000 4180 | 3a00 0f84 | 4e00 0000 | 5241 5041 

  0x000001d065022244: ;   {metadata({method} {0x000001d000436e28} 'defineClass1' '(Ljava/lang/ClassLoader;Ljava/lang/String;[BIILjava/security/ProtectionDomain;Ljava/lang/String;)Ljava/lang/Class;' in 'java/lang/ClassLoader')}
  0x000001d065022244: 5148 ba20 | 6e43 00d0 | 0100 0049 | 8bcf 4883 | ec20 40f6 | c40f 0f84 | 1900 0000 | 4883 ec08 
  0x000001d065022264: ;   {runtime_call}
  0x000001d065022264: 48b8 908d | fe61 f97f | 0000 ffd0 | 4883 c408 | e90c 0000 

  0x000001d065022278: ;   {runtime_call}
  0x000001d065022278: 0048 b890 | 8dfe 61f9 | 7f00 00ff | d048 83c4 | 2041 5941 | 585a 498d | 8fb8 0300 | 0041 c787 
  0x000001d065022298: 4404 0000 | 0400 0000 

  0x000001d0650222a0: ;   {runtime_call}
  0x000001d0650222a0: 48b8 ac16 | 8266 f97f | 0000 ffd0 | c5f8 7741 | c787 4404 | 0000 0500 | 0000 f083 | 4424 c000 
  0x000001d0650222c0: 493b af48 | 0400 000f | 870e 0000 | 0041 83bf | 4004 0000 | 000f 842b | 0000 00c5 | f877 4889 
  0x000001d0650222e0: 45f8 498b | cf4c 8be4 | 4883 ec20 | 4883 e4f0 

  0x000001d0650222f0: ;   {runtime_call}
  0x000001d0650222f0: 48b8 20fa | c961 f97f | 0000 ffd0 | 498b e44d | 33e4 488b | 45f8 41c7 | 8744 0400 | 0008 0000 
  0x000001d065022310: 0041 83bf | c004 0000 | 020f 84ca 

  0x000001d06502231c: ;   {external_word}
  0x000001d06502231c: 0000 0049 | ba56 cc54 | 62f9 7f00 | 0041 803a | 000f 844c | 0000 0048 

  0x000001d065022334: ;   {metadata({method} {0x000001d000436e28} 'defineClass1' '(Ljava/lang/ClassLoader;Ljava/lang/String;[BIILjava/security/ProtectionDomain;Ljava/lang/String;)Ljava/lang/Class;' in 'java/lang/ClassLoader')}
  0x000001d065022334: 8945 f848 | ba20 6e43 | 00d0 0100 | 0049 8bcf | 4883 ec20 | 40f6 c40f | 0f84 1900 | 0000 4883 
  0x000001d065022354: ;   {runtime_call}
  0x000001d065022354: ec08 48b8 | 908d fe61 | f97f 0000 | ffd0 4883 | c408 e90c 

  0x000001d065022368: ;   {runtime_call}
  0x000001d065022368: 0000 0048 | b890 8dfe | 61f9 7f00 | 00ff d048 | 83c4 2048 | 8b45 f849 | c787 9803 | 0000 0000 
  0x000001d065022388: 0000 49c7 | 87a0 0300 | 0000 0000 | 00c5 f877 | 4885 c00f | 8425 0000 | 00a8 030f | 8508 0000 
  0x000001d0650223a8: 0048 8b00 | e915 0000 | 00a8 010f | 8509 0000 | 0048 8b40 | fee9 0400 | 0000 488b | 40ff 498b 
  0x000001d0650223c8: 8f28 0400 | 00c7 8100 | 0100 0000 | 0000 00c9 | 4983 7f08 | 000f 8501 | 0000 00c3 

  0x000001d0650223e4: ;   {runtime_call StubRoutines (initial stubs)}
  0x000001d0650223e4: e917 eb9e | ffc5 f877 | 4889 45f8 | 4c8b e448 | 83ec 2048 

  0x000001d0650223f8: ;   {runtime_call}
  0x000001d0650223f8: 83e4 f048 | b830 c5fe | 61f9 7f00 | 00ff d049 | 8be4 4d33 | e448 8b45 | f8e9 09ff | ffff f4f4 
[/MachCode]


Compiled method (c1) 3407 1772       3       java.lang.ClassLoader::defineClass (43 bytes)
 total in heap  [0x000001d05d7f9790,0x000001d05d7fa0f0] = 2400
 relocation     [0x000001d05d7f98f0,0x000001d05d7f9990] = 160
 main code      [0x000001d05d7f99a0,0x000001d05d7f9e40] = 1184
 stub code      [0x000001d05d7f9e40,0x000001d05d7f9eb8] = 120
 metadata       [0x000001d05d7f9eb8,0x000001d05d7f9ee8] = 48
 scopes data    [0x000001d05d7f9ee8,0x000001d05d7f9fd8] = 240
 scopes pcs     [0x000001d05d7f9fd8,0x000001d05d7fa0b8] = 224
 dependencies   [0x000001d05d7fa0b8,0x000001d05d7fa0c8] = 16
 nul chk table  [0x000001d05d7fa0c8,0x000001d05d7fa0f0] = 40

[Constant Pool (empty)]

[MachCode]
[Entry Point]
  # {method} {0x000001d0004371a8} 'defineClass' '(Ljava/lang/String;[BIILjava/security/ProtectionDomain;)Ljava/lang/Class;' in 'java/lang/ClassLoader'
  # this:     rdx:rdx   = 'java/lang/ClassLoader'
  # parm0:    r8:r8     = 'java/lang/String'
  # parm1:    r9:r9     = '[B'
  # parm2:    rdi       = int
  # parm3:    rsi       = int
  # parm4:    rcx:rcx   = 'java/security/ProtectionDomain'
  #           [sp+0xc0]  (sp of caller)
  0x000001d05d7f99a0: 448b 5208 | 49bb 0000 | 0000 d001 | 0000 4d03 | d34c 3bd0 

  0x000001d05d7f99b4: ;   {runtime_call ic_miss_stub}
  0x000001d05d7f99b4: 0f85 c64a | 2607 660f | 1f44 0000 
[Verified Entry Point]
  0x000001d05d7f99c0: 8984 2400 | 80ff ff55 | 4881 ecb0 | 0000 0090 | 4181 7f20 | 0100 0000 

  0x000001d05d7f99d8: ;   {runtime_call StubRoutines (final stubs)}
  0x000001d05d7f99d8: 7405 e801 | f024 0748 | 8954 2478 

  0x000001d05d7f99e4: ;   {metadata(method data for {method} {0x000001d0004371a8} 'defineClass' '(Ljava/lang/String;[BIILjava/security/ProtectionDomain;)Ljava/lang/Class;' in 'java/lang/ClassLoader')}
  0x000001d05d7f99e4: 48bb 5094 | 3672 d001 | 0000 8b83 | cc00 0000 | 83c0 0289 | 83cc 0000 | 0025 fe07 | 0000 85c0 
  0x000001d05d7f9a04: 0f84 5803 | 0000 89b4 | 2494 0000 | 0089 bc24 | 9000 0000 | 4c89 8c24 | 8800 0000 

  0x000001d05d7f9a20: ;   {metadata(method data for {method} {0x000001d0004371a8} 'defineClass' '(Ljava/lang/String;[BIILjava/security/ProtectionDomain;)Ljava/lang/Class;' in 'java/lang/ClassLoader')}
  0x000001d05d7f9a20: 488b da48 | b850 9436 | 72d0 0100 | 0048 8380 | 1001 0000 | 0149 8bd8 | 4c8b c34c | 8bc9 488b 
  0x000001d05d7f9a40: ca48 8bd1 | 4889 9c24 | 8000 0000 

  0x000001d05d7f9a4c: ;   {optimized virtual_call}
  0x000001d05d7f9a4c: 6666 90e8 

  0x000001d05d7f9a50: ; ImmutableOopMap {[120]=Oop [128]=Oop [136]=Oop }
                      ;*invokevirtual preDefineClass {reexecute=0 rethrow=0 return_oop=0}
                      ; - java.lang.ClassLoader::defineClass@4
  0x000001d05d7f9a50: 4ce4 f9ff 

  0x000001d05d7f9a54: ;   {other}
  0x000001d05d7f9a54: 0f1f 8400 | c402 0000 | 4889 8424 | 9800 0000 | 488b 5424 

  0x000001d05d7f9a68: ;   {metadata(method data for {method} {0x000001d0004371a8} 'defineClass' '(Ljava/lang/String;[BIILjava/security/ProtectionDomain;)Ljava/lang/Class;' in 'java/lang/ClassLoader')}
  0x000001d05d7f9a68: 7849 b850 | 9436 72d0 | 0100 0049 | 8380 4801 

  0x000001d05d7f9a78: ;   {metadata(method data for {method} {0x000001d000436e90} 'defineClassSourceLocation' '(Ljava/security/ProtectionDomain;)Ljava/lang/String;' in 'java/lang/ClassLoader')}
  0x000001d05d7f9a78: 0000 0149 | b868 9b36 | 72d0 0100 | 0041 8b90 | cc00 0000 | 83c2 0241 | 8990 cc00 | 0000 81e2 
  0x000001d05d7f9a98: feff 1f00 | 85d2 0f84 | df02 0000 

  0x000001d05d7f9aa4: ; implicit exception: dispatches to 0x000001d05d7f9da4
  0x000001d05d7f9aa4: 483b 004c 

  0x000001d05d7f9aa8: ;   {metadata(method data for {method} {0x000001d000436e90} 'defineClassSourceLocation' '(Ljava/security/ProtectionDomain;)Ljava/lang/String;' in 'java/lang/ClassLoader')}
  0x000001d05d7f9aa8: 8bc0 48ba | 689b 3672 | d001 0000 | 4883 8210 | 0100 0001 | 448b 4010 

  0x000001d05d7f9ac0: ;   {metadata(method data for {method} {0x000001d000436e90} 'defineClassSourceLocation' '(Ljava/security/ProtectionDomain;)Ljava/lang/String;' in 'java/lang/ClassLoader')}
  0x000001d05d7f9ac0: 4d85 c048 | ba68 9b36 | 72d0 0100 | 0048 c7c6 | 5801 0000 | 7507 48c7 | c648 0100 | 0048 8b3c 
  0x000001d05d7f9ae0: 3248 8d7f | 0148 893c | 320f 850f 

  0x000001d05d7f9aec: ;   {oop(nullptr)}
  0x000001d05d7f9aec: 0000 0048 | bb00 0000 | 0000 0000 | 00e9 a901 | 0000 493b | 0049 8bd0 

  0x000001d05d7f9b04: ;   {metadata(method data for {method} {0x000001d000436e90} 'defineClassSourceLocation' '(Ljava/security/ProtectionDomain;)Ljava/lang/String;' in 'java/lang/ClassLoader')}
  0x000001d05d7f9b04: 48be 689b | 3672 d001 | 0000 4883 | 8668 0100 | 0001 418b | 500c 4885 

  0x000001d05d7f9b1c: ;   {metadata(method data for {method} {0x000001d000436e90} 'defineClassSourceLocation' '(Ljava/security/ProtectionDomain;)Ljava/lang/String;' in 'java/lang/ClassLoader')}
  0x000001d05d7f9b1c: d248 be68 | 9b36 72d0 | 0100 0048 | c7c7 b001 | 0000 7507 | 48c7 c7a0 | 0100 0048 | 8b1c 3e48 
  0x000001d05d7f9b3c: 8d5b 0148 | 891c 3e0f | 850f 0000 

  0x000001d05d7f9b48: ;   {oop(nullptr)}
  0x000001d05d7f9b48: 0048 bb00 | 0000 0000 | 0000 00e9 | 4f01 0000 

  0x000001d05d7f9b58: ;   {metadata(method data for {method} {0x000001d000436e90} 'defineClassSourceLocation' '(Ljava/security/ProtectionDomain;)Ljava/lang/String;' in 'java/lang/ClassLoader')}
  0x000001d05d7f9b58: 48be 689b | 3672 d001 | 0000 4883 | 86c0 0100 | 0001 483b | 024c 8bc2 

  0x000001d05d7f9b70: ;   {metadata(method data for {method} {0x000001d000436e90} 'defineClassSourceLocation' '(Ljava/security/ProtectionDomain;)Ljava/lang/String;' in 'java/lang/ClassLoader')}
  0x000001d05d7f9b70: 48be 689b | 3672 d001 | 0000 4883 | 86f8 0100 

  0x000001d05d7f9b80: ;   {metadata(method data for {method} {0x000001d00001ade8} 'toString' '()Ljava/lang/String;' in 'java/net/URL')}
  0x000001d05d7f9b80: 0001 49b8 | a08c 3672 | d001 0000 | 418b b0cc | 0000 0083 | c602 4189 | b0cc 0000 | 0081 e6fe 
  0x000001d05d7f9ba0: ff1f 0085 | f60f 8408 | 0200 004c 

  0x000001d05d7f9bac: ;   {metadata(method data for {method} {0x000001d00001ade8} 'toString' '()Ljava/lang/String;' in 'java/net/URL')}
  0x000001d05d7f9bac: 8bc2 48be | a08c 3672 | d001 0000 | 4883 8610 | 0100 0001 

  0x000001d05d7f9bc0: ;   {metadata(method data for {method} {0x000001d00042aa30} 'toExternalForm' '()Ljava/lang/String;' in 'java/net/URL')}
  0x000001d05d7f9bc0: 49b8 6024 | 3672 d001 | 0000 418b | b0cc 0000 | 0083 c602 | 4189 b0cc | 0000 0081 | e6fe ff1f 
  0x000001d05d7f9be0: 0085 f60f | 84eb 0100 | 008b 7238 

  0x000001d05d7f9bec: ; implicit exception: dispatches to 0x000001d05d7f9df5
  0x000001d05d7f9bec: 483b 064c 

  0x000001d05d7f9bf0: ;   {metadata(method data for {method} {0x000001d00042aa30} 'toExternalForm' '()Ljava/lang/String;' in 'java/net/URL')}
  0x000001d05d7f9bf0: 8bc6 48bf | 6024 3672 | d001 0000 | 458b 4008 | 49ba 0000 | 0000 d001 | 0000 4d03 | c24c 3b87 
  0x000001d05d7f9c10: 2001 0000 | 750d 4883 | 8728 0100 | 0001 e960 | 0000 004c | 3b87 3001 | 0000 750d | 4883 8738 
  0x000001d05d7f9c30: 0100 0001 | e94a 0000 | 0048 83bf | 2001 0000 | 0075 174c | 8987 2001 | 0000 48c7 | 8728 0100 
  0x000001d05d7f9c50: 0001 0000 | 00e9 2900 | 0000 4883 | bf30 0100 | 0000 7517 | 4c89 8730 | 0100 0048 | c787 3801 
  0x000001d05d7f9c70: 0000 0100 | 0000 e908 | 0000 0048 | 8387 1001 | 0000 014c | 8bc2 488b | d60f 1f40 | 0048 b8ff 
  0x000001d05d7f9c90: ffff ffff 

  0x000001d05d7f9c94: ;   {virtual_call}
  0x000001d05d7f9c94: ffff ffe8 

  0x000001d05d7f9c98: ; ImmutableOopMap {[120]=Oop [128]=Oop [136]=Oop [152]=Oop }
                      ;*invokevirtual toExternalForm {reexecute=0 rethrow=0 return_oop=0}
                      ; - java.net.URL::toExternalForm@5
                      ; - java.net.URL::toString@1
                      ; - java.lang.ClassLoader::defineClassSourceLocation@22
                      ; - java.lang.ClassLoader::defineClass@12
  0x000001d05d7f9c98: 74fa 3107 

  0x000001d05d7f9c9c: ;   {other}
  0x000001d05d7f9c9c: 0f1f 8400 | 0c05 0001 | 488b d848 | 8b84 2498 | 0000 008b | b424 9400 | 0000 8bbc | 2490 0000 
  0x000001d05d7f9cbc: 004c 8b8c | 2488 0000 | 004c 8b84 | 2480 0000 | 0048 8b54 

  0x000001d05d7f9cd0: ;   {metadata(method data for {method} {0x000001d0004371a8} 'defineClass' '(Ljava/lang/String;[BIILjava/security/ProtectionDomain;)Ljava/lang/Class;' in 'java/lang/ClassLoader')}
  0x000001d05d7f9cd0: 2478 48b9 | 5094 3672 | d001 0000 | 4883 8180 | 0100 0001 | 4c8b da49 | 8bd3 488b | c848 891c 
  0x000001d05d7f9cf0: 2466 0f1f 

  0x000001d05d7f9cf4: ;   {static_call}
  0x000001d05d7f9cf4: 4400 00e8 

  0x000001d05d7f9cf8: ; ImmutableOopMap {[120]=Oop [152]=Oop }
                      ;*invokestatic defineClass1 {reexecute=0 rethrow=0 return_oop=0}
                      ; - java.lang.ClassLoader::defineClass@27
  0x000001d05d7f9cf8: 6484 8207 

  0x000001d05d7f9cfc: ;   {other}
  0x000001d05d7f9cfc: 0f1f 8400 | 6c05 0002 | 488b 5424 

  0x000001d05d7f9d08: ;   {metadata(method data for {method} {0x000001d0004371a8} 'defineClass' '(Ljava/lang/String;[BIILjava/security/ProtectionDomain;)Ljava/lang/Class;' in 'java/lang/ClassLoader')}
  0x000001d05d7f9d08: 7849 b850 | 9436 72d0 | 0100 0049 | 8380 9001 | 0000 014c | 8bc0 4c8b | 8c24 9800 | 0000 488b 
  0x000001d05d7f9d28: 5424 7848 | 8984 24a0 | 0000 000f 

  0x000001d05d7f9d34: ;   {optimized virtual_call}
  0x000001d05d7f9d34: 1f40 00e8 

  0x000001d05d7f9d38: ; ImmutableOopMap {[160]=Oop }
                      ;*invokevirtual postDefineClass {reexecute=0 rethrow=0 return_oop=0}
                      ; - java.lang.ClassLoader::defineClass@37
  0x000001d05d7f9d38: e4fb f9ff 

  0x000001d05d7f9d3c: ;   {other}
  0x000001d05d7f9d3c: 0f1f 8400 | ac05 0003 | 488b 8424 | a000 0000 | 4881 c4b0 | 0000 005d 

  0x000001d05d7f9d54: ;   {poll_return}
  0x000001d05d7f9d54: 493b a748 | 0400 000f | 8799 0000 

  0x000001d05d7f9d60: ;   {metadata({method} {0x000001d0004371a8} 'defineClass' '(Ljava/lang/String;[BIILjava/security/ProtectionDomain;)Ljava/lang/Class;' in 'java/lang/ClassLoader')}
  0x000001d05d7f9d60: 00c3 49ba | a071 4300 | d001 0000 | 4c89 5424 | 0848 c704 | 24ff ffff 

  0x000001d05d7f9d78: ;   {runtime_call counter_overflow Runtime1 stub}
  0x000001d05d7f9d78: ffe8 02b3 

  0x000001d05d7f9d7c: ; ImmutableOopMap {rdx=Oop r8=Oop r9=Oop rcx=Oop [120]=Oop }
                      ;*synchronization entry
                      ; - java.lang.ClassLoader::defineClass@-1
  0x000001d05d7f9d7c: 3107 e987 

  0x000001d05d7f9d80: ;   {metadata({method} {0x000001d000436e90} 'defineClassSourceLocation' '(Ljava/security/ProtectionDomain;)Ljava/lang/String;' in 'java/lang/ClassLoader')}
  0x000001d05d7f9d80: fcff ff49 | ba88 6e43 | 00d0 0100 | 004c 8954 | 2408 48c7 | 0424 ffff 

  0x000001d05d7f9d98: ;   {runtime_call counter_overflow Runtime1 stub}
  0x000001d05d7f9d98: ffff e8e1 

  0x000001d05d7f9d9c: ; ImmutableOopMap {rax=Oop [120]=Oop [128]=Oop [136]=Oop [152]=Oop }
                      ;*synchronization entry
                      ; - java.lang.ClassLoader::defineClassSourceLocation@-1
                      ; - java.lang.ClassLoader::defineClass@12
  0x000001d05d7f9d9c: b231 07e9 | 00fd ffff 

  0x000001d05d7f9da4: ;   {runtime_call throw_null_pointer_exception Runtime1 stub}
  0x000001d05d7f9da4: e857 7628 

  0x000001d05d7f9da8: ; ImmutableOopMap {rax=Oop [120]=Oop [128]=Oop [136]=Oop [152]=Oop }
                      ;*invokevirtual getCodeSource {reexecute=0 rethrow=0 return_oop=0}
                      ; - java.lang.ClassLoader::defineClassSourceLocation@1
                      ; - java.lang.ClassLoader::defineClass@12
                      ;   {runtime_call throw_null_pointer_exception Runtime1 stub}
  0x000001d05d7f9da8: 07e8 5276 

  0x000001d05d7f9dac: ; ImmutableOopMap {rax=Oop r8=Oop [120]=Oop [128]=Oop [136]=Oop [152]=Oop }
                      ;*invokevirtual getLocation {reexecute=0 rethrow=0 return_oop=0}
                      ; - java.lang.ClassLoader::defineClassSourceLocation@12
                      ; - java.lang.ClassLoader::defineClass@12
                      ;   {runtime_call throw_null_pointer_exception Runtime1 stub}
  0x000001d05d7f9dac: 2807 e84d 

  0x000001d05d7f9db0: ; ImmutableOopMap {rdx=Oop [120]=Oop [128]=Oop [136]=Oop [152]=Oop }
                      ;*invokevirtual toString {reexecute=0 rethrow=0 return_oop=0}
                      ; - java.lang.ClassLoader::defineClassSourceLocation@22
                      ; - java.lang.ClassLoader::defineClass@12
                      ;   {metadata({method} {0x000001d00001ade8} 'toString' '()Ljava/lang/String;' in 'java/net/URL')}
  0x000001d05d7f9db0: 7628 0749 | bae0 ad01 | 00d0 0100 | 004c 8954 | 2408 48c7 | 0424 ffff 

  0x000001d05d7f9dc8: ;   {runtime_call counter_overflow Runtime1 stub}
  0x000001d05d7f9dc8: ffff e8b1 

  0x000001d05d7f9dcc: ; ImmutableOopMap {rdx=Oop [120]=Oop [128]=Oop [136]=Oop [152]=Oop }
                      ;*synchronization entry
                      ; - java.net.URL::toString@-1
                      ; - java.lang.ClassLoader::defineClassSourceLocation@22
                      ; - java.lang.ClassLoader::defineClass@12
  0x000001d05d7f9dcc: b231 07e9 | d7fd ffff 

  0x000001d05d7f9dd4: ;   {metadata({method} {0x000001d00042aa30} 'toExternalForm' '()Ljava/lang/String;' in 'java/net/URL')}
  0x000001d05d7f9dd4: 49ba 28aa | 4200 d001 | 0000 4c89 | 5424 0848 | c704 24ff 

  0x000001d05d7f9de8: ;   {runtime_call counter_overflow Runtime1 stub}
  0x000001d05d7f9de8: ffff ffe8 

  0x000001d05d7f9dec: ; ImmutableOopMap {rdx=Oop [120]=Oop [128]=Oop [136]=Oop [152]=Oop }
                      ;*synchronization entry
                      ; - java.net.URL::toExternalForm@-1
                      ; - java.net.URL::toString@1
                      ; - java.lang.ClassLoader::defineClassSourceLocation@22
                      ; - java.lang.ClassLoader::defineClass@12
  0x000001d05d7f9dec: 90b2 3107 | e9f4 fdff 

  0x000001d05d7f9df4: ;   {runtime_call throw_null_pointer_exception Runtime1 stub}
  0x000001d05d7f9df4: ffe8 0676 

  0x000001d05d7f9df8: ; ImmutableOopMap {rdx=Oop rsi=Oop [120]=Oop [128]=Oop [136]=Oop [152]=Oop }
                      ;*invokevirtual toExternalForm {reexecute=0 rethrow=0 return_oop=0}
                      ; - java.net.URL::toExternalForm@5
                      ; - java.net.URL::toString@1
                      ; - java.lang.ClassLoader::defineClassSourceLocation@22
                      ; - java.lang.ClassLoader::defineClass@12
                      ;   {internal_word}
  0x000001d05d7f9df8: 2807 49ba | 549d 7f5d | d001 0000 | 4d89 9760 

  0x000001d05d7f9e08: ;   {runtime_call SafepointBlob}
  0x000001d05d7f9e08: 0400 00e9 | f0ac 2607 | 498b 87f8 | 0400 0049 | c787 f804 | 0000 0000 | 0000 49c7 | 8700 0500 
  0x000001d05d7f9e28: 0000 0000 | 0048 81c4 | b000 0000 

  0x000001d05d7f9e34: ;   {runtime_call unwind_exception Runtime1 stub}
  0x000001d05d7f9e34: 5de9 c684 | 2807 f4f4 | f4f4 f4f4 
[Stub Code]
  0x000001d05d7f9e40: ;   {no_reloc}
  0x000001d05d7f9e40: 0f1f 4400 

  0x000001d05d7f9e44: ;   {static_stub}
  0x000001d05d7f9e44: 0048 bb00 | 0000 0000 

  0x000001d05d7f9e4c: ;   {runtime_call nmethod}
  0x000001d05d7f9e4c: 0000 00e9 | fbff ffff 

  0x000001d05d7f9e54: ;   {static_stub}
  0x000001d05d7f9e54: 48bb 0000 | 0000 0000 

  0x000001d05d7f9e5c: ;   {runtime_call nmethod}
  0x000001d05d7f9e5c: 0000 e9fb 

  0x000001d05d7f9e60: ;   {static_stub}
  0x000001d05d7f9e60: ffff ff48 | bb00 0000 | 0000 0000 

  0x000001d05d7f9e6c: ;   {runtime_call nmethod}
  0x000001d05d7f9e6c: 00e9 fbff 

  0x000001d05d7f9e70: ;   {static_stub}
  0x000001d05d7f9e70: ffff 48bb | 0000 0000 | 0000 0000 

  0x000001d05d7f9e7c: ;   {runtime_call nmethod}
  0x000001d05d7f9e7c: e9fb ffff 

  0x000001d05d7f9e80: ;   {runtime_call handle_exception_from_callee Runtime1 stub}
  0x000001d05d7f9e80: ffe8 7a57 

  0x000001d05d7f9e84: ;   {external_word}
  0x000001d05d7f9e84: 2807 48b9 | 90e2 2a62 | f97f 0000 | 4883 e4f0 

  0x000001d05d7f9e94: ;   {runtime_call}
  0x000001d05d7f9e94: 48b8 1079 | ed61 f97f | 0000 ffd0 

  0x000001d05d7f9ea0: ;   {section_word}
  0x000001d05d7f9ea0: f449 baa1 | 9e7f 5dd0 | 0100 0041 

  0x000001d05d7f9eac: ;   {runtime_call DeoptimizationBlob}
  0x000001d05d7f9eac: 52e9 ee9e | 2607 f4f4 | f4f4 f4f4 
[/MachCode]


Compiled method (c1) 3428 2479   !   3       org.eclipse.osgi.internal.loader.ModuleClassLoader::defineClass (67 bytes)
 total in heap  [0x000001d05d990310,0x000001d05d990ef0] = 3040
 relocation     [0x000001d05d990470,0x000001d05d990518] = 168
 main code      [0x000001d05d990520,0x000001d05d990b20] = 1536
 stub code      [0x000001d05d990b20,0x000001d05d990b90] = 112
 oops           [0x000001d05d990b90,0x000001d05d990b98] = 8
 metadata       [0x000001d05d990b98,0x000001d05d990bd8] = 64
 scopes data    [0x000001d05d990bd8,0x000001d05d990d28] = 336
 scopes pcs     [0x000001d05d990d28,0x000001d05d990e38] = 272
 dependencies   [0x000001d05d990e38,0x000001d05d990e50] = 24
 handler table  [0x000001d05d990e50,0x000001d05d990ec8] = 120
 nul chk table  [0x000001d05d990ec8,0x000001d05d990ef0] = 40

[Constant Pool (empty)]

[MachCode]
[Entry Point]
  # {method} {0x000001d0725db768} 'defineClass' '(Ljava/lang/String;[BLorg/eclipse/osgi/internal/loader/classpath/ClasspathEntry;)Lorg/eclipse/osgi/internal/loader/ModuleClassLoader$DefineClassResult;' in 'org/eclipse/osgi/internal/loader/ModuleClassLoader'
  # this:     rdx:rdx   = 'org/eclipse/osgi/internal/loader/ModuleClassLoader'
  # parm0:    r8:r8     = 'java/lang/String'
  # parm1:    r9:r9     = '[B'
  # parm2:    rdi:rdi   = 'org/eclipse/osgi/internal/loader/classpath/ClasspathEntry'
  #           [sp+0xb0]  (sp of caller)
  0x000001d05d990520: 448b 5208 | 49bb 0000 | 0000 d001 | 0000 4d03 | d34c 3bd0 

  0x000001d05d990534: ;   {runtime_call ic_miss_stub}
  0x000001d05d990534: 0f85 46df | 0c07 660f | 1f44 0000 
[Verified Entry Point]
  0x000001d05d990540: 8984 2400 | 80ff ff55 | 4881 eca0 | 0000 0090 | 4181 7f20 | 0100 0000 

  0x000001d05d990558: ;   {runtime_call StubRoutines (final stubs)}
  0x000001d05d990558: 7405 e881 

  0x000001d05d99055c: ;   {metadata(method data for {method} {0x000001d0725db768} 'defineClass' '(Ljava/lang/String;[BLorg/eclipse/osgi/internal/loader/classpath/ClasspathEntry;)Lorg/eclipse/osgi/internal/loader/ModuleClassLoader$DefineClassResult;' in 'org/eclipse/osgi/internal/loader/ModuleClassLoader')}
  0x000001d05d99055c: 840b 0748 | be70 4fba | 72d0 0100 | 008b 9ecc | 0000 0083 | c302 899e | cc00 0000 | 81e3 fe07 
  0x000001d05d99057c: 0000 85db | 0f84 5304 | 0000 4889 | 7c24 704c | 894c 2468 

  0x000001d05d990590: ;   {metadata(method data for {method} {0x000001d0725db768} 'defineClass' '(Ljava/lang/String;[BLorg/eclipse/osgi/internal/loader/classpath/ClasspathEntry;)Lorg/eclipse/osgi/internal/loader/ModuleClassLoader$DefineClassResult;' in 'org/eclipse/osgi/internal/loader/ModuleClassLoader')}
  0x000001d05d990590: 488b f248 | bb70 4fba | 72d0 0100 | 008b 7608 | 49ba 0000 | 0000 d001 | 0000 4903 | f248 3bb3 
  0x000001d05d9905b0: 2001 0000 | 750d 4883 | 8328 0100 | 0001 e960 | 0000 0048 | 3bb3 3001 | 0000 750d | 4883 8338 
  0x000001d05d9905d0: 0100 0001 | e94a 0000 | 0048 83bb | 2001 0000 | 0075 1748 | 89b3 2001 | 0000 48c7 | 8328 0100 
  0x000001d05d9905f0: 0001 0000 | 00e9 2900 | 0000 4883 | bb30 0100 | 0000 7517 | 4889 b330 | 0100 0048 | c783 3801 
  0x000001d05d990610: 0000 0100 | 0000 e908 | 0000 0048 | 8383 1001 

  0x000001d05d990620: ;   {metadata(method data for {method} {0x000001d0726205a8} 'getClassLoadingLock' '(Ljava/lang/String;)Ljava/lang/Object;' in 'org/eclipse/osgi/internal/loader/ModuleClassLoader')}
  0x000001d05d990620: 0000 0148 | beb8 c998 | 72d0 0100 | 008b 9ecc | 0000 0083 | c302 899e | cc00 0000 | 81e3 feff 
  0x000001d05d990640: 1f00 85db | 0f84 b003 | 0000 8b72 | 5048 3b06 

  0x000001d05d990650: ;   {metadata(method data for {method} {0x000001d0726205a8} 'getClassLoadingLock' '(Ljava/lang/String;)Ljava/lang/Object;' in 'org/eclipse/osgi/internal/loader/ModuleClassLoader')}
  0x000001d05d990650: 488b de48 | b8b8 c998 | 72d0 0100 | 0048 8380 | 1001 0000 | 0149 8bd8 | 4c8b c348 | 8954 2458 
  0x000001d05d990670: 488b d648 | 895c 2460 | 0f1f 8000 

  0x000001d05d99067c: ;   {optimized virtual_call}
  0x000001d05d99067c: 0000 00e8 

  0x000001d05d990680: ; ImmutableOopMap {[88]=Oop [96]=Oop [104]=Oop [112]=Oop }
                      ;*invokevirtual getLock {reexecute=0 rethrow=0 return_oop=0}
                      ; - org.eclipse.osgi.internal.loader.ModuleClassLoader::getClassLoadingLock@5 (line 437)
                      ; - org.eclipse.osgi.internal.loader.ModuleClassLoader::defineClass@8 (line 312)
  0x000001d05d990680: fc8a ebff 

  0x000001d05d990684: ;   {other}
  0x000001d05d990684: 0f1f 8400 | 7403 0000 | 4889 4424 | 7848 8d94 | 2480 0000 | 0048 8bf0 | 4889 7208 

  0x000001d05d9906a0: ; implicit exception: dispatches to 0x000001d05d990a20
  0x000001d05d9906a0: 488b 0648 | 83c8 0148 | 8902 f048 | 0fb1 160f | 8412 0000 | 0048 2bc4 | 4825 07f0 | ffff 4889 
  0x000001d05d9906c0: 020f 855e | 0300 0049 | ff87 4805 | 0000 488b 

  0x000001d05d9906d0: ;   {metadata(method data for {method} {0x000001d0725db768} 'defineClass' '(Ljava/lang/String;[BLorg/eclipse/osgi/internal/loader/classpath/ClasspathEntry;)Lorg/eclipse/osgi/internal/loader/ModuleClassLoader$DefineClassResult;' in 'org/eclipse/osgi/internal/loader/ModuleClassLoader')}
  0x000001d05d9906d0: 5424 5848 | be70 4fba | 72d0 0100 | 0048 8386 | 4801 0000 

  0x000001d05d9906e4: ;   {metadata(method data for {method} {0x000001d0004372b0} 'findLoadedClass' '(Ljava/lang/String;)Ljava/lang/Class;' in 'java/lang/ClassLoader')}
  0x000001d05d9906e4: 0148 ba68 | 7723 72d0 | 0100 008b | b2cc 0000 | 0083 c602 | 89b2 cc00 | 0000 81e6 | feff 1f00 
  0x000001d05d990704: 85f6 0f84 | 2c03 0000 

  0x000001d05d99070c: ;   {metadata(method data for {method} {0x000001d0004372b0} 'findLoadedClass' '(Ljava/lang/String;)Ljava/lang/Class;' in 'java/lang/ClassLoader')}
  0x000001d05d99070c: 48ba 6877 | 2372 d001 | 0000 4883 | 8210 0100 | 0001 488b | 5424 600f 

  0x000001d05d990724: ;   {static_call}
  0x000001d05d990724: 1f40 00e8 

  0x000001d05d990728: ; ImmutableOopMap {[88]=Oop [96]=Oop [104]=Oop [112]=Oop [120]=Oop [136]=Oop }
                      ;*invokestatic checkName {reexecute=0 rethrow=0 return_oop=0}
                      ; - java.lang.ClassLoader::findLoadedClass@1
                      ; - org.eclipse.osgi.internal.loader.ModuleClassLoader::defineClass@17 (line 313)
  0x000001d05d990728: 9471 7007 

  0x000001d05d99072c: ;   {other}
  0x000001d05d99072c: 0f1f 8400 | 1c04 0001 

  0x000001d05d990734: ;   {metadata(method data for {method} {0x000001d0004372b0} 'findLoadedClass' '(Ljava/lang/String;)Ljava/lang/Class;' in 'java/lang/ClassLoader')}
  0x000001d05d990734: 85c0 49b8 | 6877 2372 | d001 0000 | 48c7 c220 | 0100 0075 | 0748 c7c2 | 3001 0000 | 498b 3410 
  0x000001d05d990754: 488d 7601 | 4989 3410 | 0f85 0f00 

  0x000001d05d990760: ;   {oop(nullptr)}
  0x000001d05d990760: 0000 48be | 0000 0000 | 0000 0000 | e936 0000 | 0048 8b54 

  0x000001d05d990774: ;   {metadata(method data for {method} {0x000001d0004372b0} 'findLoadedClass' '(Ljava/lang/String;)Ljava/lang/Class;' in 'java/lang/ClassLoader')}
  0x000001d05d990774: 2458 49b8 | 6877 2372 | d001 0000 | 4983 8040 | 0100 0001 | 4c8b 4424 | 6048 8b54 | 2458 0f1f 
  0x000001d05d990794: ;   {optimized virtual_call}
  0x000001d05d990794: 4400 00e8 

  0x000001d05d990798: ; ImmutableOopMap {[88]=Oop [96]=Oop [104]=Oop [112]=Oop [120]=Oop [136]=Oop }
                      ;*invokevirtual findLoadedClass0 {reexecute=0 rethrow=0 return_oop=0}
                      ; - java.lang.ClassLoader::findLoadedClass@11
                      ; - org.eclipse.osgi.internal.loader.ModuleClassLoader::defineClass@17 (line 313)
  0x000001d05d990798: a421 6407 

  0x000001d05d99079c: ;   {other}
  0x000001d05d99079c: 0f1f 8400 | 8c04 0002 | 488b f048 

  0x000001d05d9907a8: ;   {metadata(method data for {method} {0x000001d0725db768} 'defineClass' '(Ljava/lang/String;[BLorg/eclipse/osgi/internal/loader/classpath/ClasspathEntry;)Lorg/eclipse/osgi/internal/loader/ModuleClassLoader$DefineClassResult;' in 'org/eclipse/osgi/internal/loader/ModuleClassLoader')}
  0x000001d05d9907a8: 85f6 49b8 | 704f ba72 | d001 0000 | 49c7 c190 | 0100 0074 | 0749 c7c1 | 8001 0000 | 4b8b 3c08 
  0x000001d05d9907c8: 488d 7f01 | 4b89 3c08 | 0f84 0e00 | 0000 488b | de41 b800 | 0000 00e9 | 6900 0000 | 488b 7c24 
  0x000001d05d9907e8: 704c 8b4c | 2468 4c8b | 4424 6048 | 8b54 2458 

  0x000001d05d9907f8: ; implicit exception: dispatches to 0x000001d05d990a59
  0x000001d05d9907f8: 418b 710c 

  0x000001d05d9907fc: ; implicit exception: dispatches to 0x000001d05d990a5e
  0x000001d05d9907fc: 483b 0748 

  0x000001d05d990800: ;   {metadata(method data for {method} {0x000001d0725db768} 'defineClass' '(Ljava/lang/String;[BLorg/eclipse/osgi/internal/loader/classpath/ClasspathEntry;)Lorg/eclipse/osgi/internal/loader/ModuleClassLoader$DefineClassResult;' in 'org/eclipse/osgi/internal/loader/ModuleClassLoader')}
  0x000001d05d990800: 8bcf 48bb | 704f ba72 | d001 0000 | 4883 83b8 | 0100 0001 | 8b4f 1048 

  0x000001d05d990818: ;   {metadata(method data for {method} {0x000001d0725db768} 'defineClass' '(Ljava/lang/String;[BLorg/eclipse/osgi/internal/loader/classpath/ClasspathEntry;)Lorg/eclipse/osgi/internal/loader/ModuleClassLoader$DefineClassResult;' in 'org/eclipse/osgi/internal/loader/ModuleClassLoader')}
  0x000001d05d990818: 8bfa 48bb | 704f ba72 | d001 0000 | 4883 83d8 | 0100 0001 | bf00 0000 | 0066 0f1f 

  0x000001d05d990834: ;   {optimized virtual_call}
  0x000001d05d990834: 4400 00e8 

  0x000001d05d990838: ; ImmutableOopMap {[120]=Oop [136]=Oop }
                      ;*invokevirtual defineClass {reexecute=0 rethrow=0 return_oop=0}
                      ; - org.eclipse.osgi.internal.loader.ModuleClassLoader::defineClass@37 (line 315)
  0x000001d05d990838: 8491 e6ff 

  0x000001d05d99083c: ;   {other}
  0x000001d05d99083c: 0f1f 8400 | 2c05 0003 | 488b d841 | b801 0000 | 0048 8d84 | 2480 0000 | 0048 8b10 | 4885 d20f 
  0x000001d05d99085c: 840f 0000 | 0048 8b70 | 08f0 480f | b116 0f85 | f301 0000 | 49ff 8f48 

  0x000001d05d990874: ;   {metadata(method data for {method} {0x000001d0725db768} 'defineClass' '(Ljava/lang/String;[BLorg/eclipse/osgi/internal/loader/classpath/ClasspathEntry;)Lorg/eclipse/osgi/internal/loader/ModuleClassLoader$DefineClassResult;' in 'org/eclipse/osgi/internal/loader/ModuleClassLoader')}
  0x000001d05d990874: 0500 0048 | ba70 4fba | 72d0 0100 | 00ff 8210 

  0x000001d05d990884: ;   {metadata('org/eclipse/osgi/internal/loader/ModuleClassLoader$DefineClassResult')}
  0x000001d05d990884: 0200 0048 | ba18 a811 | 01d0 0100 | 0049 8b87 | b801 0000 | 488d 7818 | 493b bfc8 | 0100 000f 
  0x000001d05d9908a4: 87d0 0100 | 0049 89bf | b801 0000 | 48c7 0001 | 0000 0048 | 8bca 49ba | 0000 0000 | d001 0000 
  0x000001d05d9908c4: 492b ca89 | 4808 4833 | c989 480c | 4833 c948 | 8948 1048 

  0x000001d05d9908d8: ;   {metadata(method data for {method} {0x000001d0725db768} 'defineClass' '(Ljava/lang/String;[BLorg/eclipse/osgi/internal/loader/classpath/ClasspathEntry;)Lorg/eclipse/osgi/internal/loader/ModuleClassLoader$DefineClassResult;' in 'org/eclipse/osgi/internal/loader/ModuleClassLoader')}
  0x000001d05d9908d8: 8bf0 48bf | 704f ba72 | d001 0000 | 4883 8728 | 0200 0001 

  0x000001d05d9908ec: ;   {metadata(method data for {method} {0x000001d072741c80} '<init>' '(Ljava/lang/Class;Z)V' in 'org/eclipse/osgi/internal/loader/ModuleClassLoader$DefineClassResult')}
  0x000001d05d9908ec: 48be e05e | a272 d001 | 0000 8bbe | cc00 0000 | 83c7 0289 | becc 0000 | 0081 e7fe | ff1f 0085 
  0x000001d05d99090c: ff0f 8473 | 0100 0048 

  0x000001d05d990914: ;   {metadata(method data for {method} {0x000001d072741c80} '<init>' '(Ljava/lang/Class;Z)V' in 'org/eclipse/osgi/internal/loader/ModuleClassLoader$DefineClassResult')}
  0x000001d05d990914: 8bf0 48bf | e05e a272 | d001 0000 | 4883 8710 | 0100 0001 

  0x000001d05d990928: ;   {metadata(method data for {method} {0x000001d000476c60} '<init>' '()V' in 'java/lang/Object')}
  0x000001d05d990928: 48be f862 | 0072 d001 | 0000 8bbe | cc00 0000 | 83c7 0289 | becc 0000 | 0081 e7fe | ff1f 0085 
  0x000001d05d990948: ff0f 8458 | 0100 004c | 8bd3 4489 | 5010 488d | 3048 c1ee | 0948 bf00 | 0089 59d0 | 0100 00c6 
  0x000001d05d990968: 043e 0041 | 83e0 0144 | 8840 0c48 | 81c4 a000 

  0x000001d05d990978: ;   {poll_return}
  0x000001d05d990978: 0000 5d49 | 3ba7 4804 | 0000 0f87 | 4001 0000 | c349 8b87 | f804 0000 | 4d33 d24d | 8997 f804 
  0x000001d05d990998: 0000 4d33 | d24d 8997 | 0005 0000 | 488b f048 | 8d84 2480 | 0000 0048 | 8b38 4885 | ff0f 840f 
  0x000001d05d9909b8: 0000 0048 | 8b58 08f0 | 480f b13b | 0f85 1401 | 0000 49ff | 8f48 0500 | 0048 8bc6 | e938 0100 
  0x000001d05d9909d8: ;   {metadata({method} {0x000001d0725db768} 'defineClass' '(Ljava/lang/String;[BLorg/eclipse/osgi/internal/loader/classpath/ClasspathEntry;)Lorg/eclipse/osgi/internal/loader/ModuleClassLoader$DefineClassResult;' in 'org/eclipse/osgi/internal/loader/ModuleClassLoader')}
  0x000001d05d9909d8: 0049 ba60 | b75d 72d0 | 0100 004c | 8954 2408 | 48c7 0424 | ffff ffff 

  0x000001d05d9909f0: ;   {runtime_call counter_overflow Runtime1 stub}
  0x000001d05d9909f0: e88b 4618 

  0x000001d05d9909f4: ; ImmutableOopMap {rdx=Oop r8=Oop r9=Oop rdi=Oop }
                      ;*synchronization entry
                      ; - org.eclipse.osgi.internal.loader.ModuleClassLoader::defineClass@-1 (line 310)
  0x000001d05d9909f4: 07e9 8cfb 

  0x000001d05d9909f8: ;   {metadata({method} {0x000001d0726205a8} 'getClassLoadingLock' '(Ljava/lang/String;)Ljava/lang/Object;' in 'org/eclipse/osgi/internal/loader/ModuleClassLoader')}
  0x000001d05d9909f8: ffff 49ba | a005 6272 | d001 0000 | 4c89 5424 | 0848 c704 | 24ff ffff 

  0x000001d05d990a10: ;   {runtime_call counter_overflow Runtime1 stub}
  0x000001d05d990a10: ffe8 6a46 

  0x000001d05d990a14: ; ImmutableOopMap {rdx=Oop r8=Oop [104]=Oop [112]=Oop }
                      ;*synchronization entry
                      ; - org.eclipse.osgi.internal.loader.ModuleClassLoader::getClassLoadingLock@-1 (line 437)
                      ; - org.eclipse.osgi.internal.loader.ModuleClassLoader::defineClass@8 (line 312)
  0x000001d05d990a14: 1807 e92f 

  0x000001d05d990a18: ;   {runtime_call throw_null_pointer_exception Runtime1 stub}
  0x000001d05d990a18: fcff ffe8 

  0x000001d05d990a1c: ; ImmutableOopMap {rdx=Oop r8=Oop rsi=Oop [104]=Oop [112]=Oop }
                      ;*invokevirtual getLock {reexecute=0 rethrow=0 return_oop=0}
                      ; - org.eclipse.osgi.internal.loader.ModuleClassLoader::getClassLoadingLock@5 (line 437)
                      ; - org.eclipse.osgi.internal.loader.ModuleClassLoader::defineClass@8 (line 312)
  0x000001d05d990a1c: e009 0f07 

  0x000001d05d990a20: ;   {runtime_call throw_null_pointer_exception Runtime1 stub}
  0x000001d05d990a20: e8db 090f 

  0x000001d05d990a24: ; ImmutableOopMap {rsi=Oop [88]=Oop [96]=Oop [104]=Oop [112]=Oop [120]=Oop }
                      ;*monitorenter {reexecute=0 rethrow=0 return_oop=0}
                      ; - org.eclipse.osgi.internal.loader.ModuleClassLoader::defineClass@14 (line 312)
  0x000001d05d990a24: 0748 8974 | 2408 4889 

  0x000001d05d990a2c: ;   {runtime_call monitorenter_nofpu Runtime1 stub}
  0x000001d05d990a2c: 1424 e84d 

  0x000001d05d990a30: ; ImmutableOopMap {rsi=Oop [88]=Oop [96]=Oop [104]=Oop [112]=Oop [120]=Oop [136]=Oop }
                      ;*monitorenter {reexecute=0 rethrow=0 return_oop=0}
                      ; - org.eclipse.osgi.internal.loader.ModuleClassLoader::defineClass@14 (line 312)
  0x000001d05d990a30: 2518 07e9 | 96fc ffff 

  0x000001d05d990a38: ;   {metadata({method} {0x000001d0004372b0} 'findLoadedClass' '(Ljava/lang/String;)Ljava/lang/Class;' in 'java/lang/ClassLoader')}
  0x000001d05d990a38: 49ba a872 | 4300 d001 | 0000 4c89 | 5424 0848 | c704 24ff 

  0x000001d05d990a4c: ;   {runtime_call counter_overflow Runtime1 stub}
  0x000001d05d990a4c: ffff ffe8 

  0x000001d05d990a50: ; ImmutableOopMap {[88]=Oop [96]=Oop [104]=Oop [112]=Oop [120]=Oop [136]=Oop }
                      ;*synchronization entry
                      ; - java.lang.ClassLoader::findLoadedClass@-1
                      ; - org.eclipse.osgi.internal.loader.ModuleClassLoader::defineClass@17 (line 313)
  0x000001d05d990a50: 2c46 1807 | e9b3 fcff 

  0x000001d05d990a58: ;   {runtime_call throw_null_pointer_exception Runtime1 stub}
  0x000001d05d990a58: ffe8 a209 

  0x000001d05d990a5c: ; ImmutableOopMap {rdx=Oop r8=Oop r9=Oop rdi=Oop [120]=Oop [136]=Oop }
                      ;*arraylength {reexecute=0 rethrow=0 return_oop=0}
                      ; - org.eclipse.osgi.internal.loader.ModuleClassLoader::defineClass@32 (line 315)
                      ;   {runtime_call throw_null_pointer_exception Runtime1 stub}
  0x000001d05d990a5c: 0f07 e89d 

  0x000001d05d990a60: ; ImmutableOopMap {rdx=Oop r8=Oop r9=Oop rdi=Oop [120]=Oop [136]=Oop }
                      ;*invokevirtual getDomain {reexecute=0 rethrow=0 return_oop=0}
                      ; - org.eclipse.osgi.internal.loader.ModuleClassLoader::defineClass@34 (line 315)
  0x000001d05d990a60: 090f 0748 | 8d84 2480 | 0000 0048 

  0x000001d05d990a6c: ;   {runtime_call monitorexit_nofpu Runtime1 stub}
  0x000001d05d990a6c: 8904 24e8 | 0c2b 1807 | e9fe fdff | ff48 8bd2 

  0x000001d05d990a7c: ;   {runtime_call fast_new_instance Runtime1 stub}
  0x000001d05d990a7c: e87f 000f 

  0x000001d05d990a80: ; ImmutableOopMap {rbx=Oop }
                      ;*new {reexecute=0 rethrow=0 return_oop=0}
                      ; - org.eclipse.osgi.internal.loader.ModuleClassLoader::defineClass@55 (line 319)
  0x000001d05d990a80: 07e9 51fe 

  0x000001d05d990a84: ;   {metadata({method} {0x000001d072741c80} '<init>' '(Ljava/lang/Class;Z)V' in 'org/eclipse/osgi/internal/loader/ModuleClassLoader$DefineClassResult')}
  0x000001d05d990a84: ffff 49ba | 781c 7472 | d001 0000 | 4c89 5424 | 0848 c704 | 24ff ffff 

  0x000001d05d990a9c: ;   {runtime_call counter_overflow Runtime1 stub}
  0x000001d05d990a9c: ffe8 de45 

  0x000001d05d990aa0: ; ImmutableOopMap {rbx=Oop rax=Oop }
                      ;*synchronization entry
                      ; - org.eclipse.osgi.internal.loader.ModuleClassLoader$DefineClassResult::<init>@-1 (line 96)
                      ; - org.eclipse.osgi.internal.loader.ModuleClassLoader::defineClass@63 (line 319)
  0x000001d05d990aa0: 1807 e96c 

  0x000001d05d990aa4: ;   {metadata({method} {0x000001d000476c60} '<init>' '()V' in 'java/lang/Object')}
  0x000001d05d990aa4: feff ff49 | ba58 6c47 | 00d0 0100 | 004c 8954 | 2408 48c7 | 0424 ffff 

  0x000001d05d990abc: ;   {runtime_call counter_overflow Runtime1 stub}
  0x000001d05d990abc: ffff e8bd 

  0x000001d05d990ac0: ; ImmutableOopMap {rbx=Oop rax=Oop }
                      ;*synchronization entry
                      ; - java.lang.Object::<init>@-1
                      ; - org.eclipse.osgi.internal.loader.ModuleClassLoader$DefineClassResult::<init>@1 (line 96)
                      ; - org.eclipse.osgi.internal.loader.ModuleClassLoader::defineClass@63 (line 319)
  0x000001d05d990ac0: 4518 07e9 | 87fe ffff 

  0x000001d05d990ac8: ;   {internal_word}
  0x000001d05d990ac8: 49ba 7b09 | 995d d001 | 0000 4d89 | 9760 0400 

  0x000001d05d990ad8: ;   {runtime_call SafepointBlob}
  0x000001d05d990ad8: 00e9 2240 | 0d07 488d | 8424 8000 | 0000 4889 

  0x000001d05d990ae8: ;   {runtime_call monitorexit_nofpu Runtime1 stub}
  0x000001d05d990ae8: 0424 e891 | 2a18 07e9 | ddfe ffff | 498b 87f8 | 0400 0049 | c787 f804 | 0000 0000 | 0000 49c7 
  0x000001d05d990b08: 8700 0500 | 0000 0000 | 0048 81c4 | a000 0000 

  0x000001d05d990b18: ;   {runtime_call unwind_exception Runtime1 stub}
  0x000001d05d990b18: 5de9 e217 | 0f07 f4f4 
[Stub Code]
  0x000001d05d990b20: ;   {no_reloc}
  0x000001d05d990b20: 48bb 0000 | 0000 0000 

  0x000001d05d990b28: ;   {runtime_call nmethod}
  0x000001d05d990b28: 0000 e9fb 

  0x000001d05d990b2c: ;   {static_stub}
  0x000001d05d990b2c: ffff ff48 | bb00 0000 | 0000 0000 

  0x000001d05d990b38: ;   {runtime_call nmethod}
  0x000001d05d990b38: 00e9 fbff 

  0x000001d05d990b3c: ;   {static_stub}
  0x000001d05d990b3c: ffff 48bb | 0000 0000 | 0000 0000 

  0x000001d05d990b48: ;   {runtime_call nmethod}
  0x000001d05d990b48: e9fb ffff 

  0x000001d05d990b4c: ;   {static_stub}
  0x000001d05d990b4c: ff48 bb00 | 0000 0000 

  0x000001d05d990b54: ;   {runtime_call nmethod}
  0x000001d05d990b54: 0000 00e9 | fbff ffff 
[Exception Handler]
  0x000001d05d990b5c: ;   {runtime_call handle_exception_from_callee Runtime1 stub}
  0x000001d05d990b5c: e89f ea0e 

  0x000001d05d990b60: ;   {external_word}
  0x000001d05d990b60: 0748 b990 | e22a 62f9 | 7f00 0048 

  0x000001d05d990b6c: ;   {runtime_call}
  0x000001d05d990b6c: 83e4 f048 | b810 79ed | 61f9 7f00 | 00ff d0f4 
[Deopt Handler Code]
  0x000001d05d990b7c: ;   {section_word}
  0x000001d05d990b7c: 49ba 7c0b | 995d d001 | 0000 4152 

  0x000001d05d990b88: ;   {runtime_call DeoptimizationBlob}
  0x000001d05d990b88: e913 320d | 07f4 f4f4 
[/MachCode]


---------------  P R O C E S S  ---------------

Threads class SMR info:
_java_thread_list=0x000001d076aa7b60, length=21, elements={
0x000001d05a2dc6a0, 0x000001d05a1c2600, 0x000001d05a1c5f30, 0x000001d05a1c7790,
0x000001d05a1c8a00, 0x000001d05a1cb720, 0x000001d05a1cd180, 0x000001d05a1cdfb0,
0x000001d05a23f010, 0x000001d05a3a7e20, 0x000001d07604beb0, 0x000001d07665c330,
0x000001d07667c690, 0x000001d071b1a2b0, 0x000001d07670dac0, 0x000001d071a21580,
0x000001d07654ef30, 0x000001d0769139e0, 0x000001d0769148b0, 0x000001d0769a25a0,
0x000001d07699cb30
}

Java Threads: ( => current thread )
  0x000001d05a2dc6a0 JavaThread "main"                              [_thread_blocked, id=55232, stack(0x000000bd35f00000,0x000000bd36000000) (1024K)]
  0x000001d05a1c2600 JavaThread "Reference Handler"          daemon [_thread_blocked, id=53112, stack(0x000000bd36300000,0x000000bd36400000) (1024K)]
  0x000001d05a1c5f30 JavaThread "Finalizer"                  daemon [_thread_blocked, id=21984, stack(0x000000bd36400000,0x000000bd36500000) (1024K)]
  0x000001d05a1c7790 JavaThread "Signal Dispatcher"          daemon [_thread_blocked, id=37940, stack(0x000000bd36500000,0x000000bd36600000) (1024K)]
  0x000001d05a1c8a00 JavaThread "Attach Listener"            daemon [_thread_blocked, id=40076, stack(0x000000bd36600000,0x000000bd36700000) (1024K)]
  0x000001d05a1cb720 JavaThread "Service Thread"             daemon [_thread_blocked, id=848, stack(0x000000bd36700000,0x000000bd36800000) (1024K)]
  0x000001d05a1cd180 JavaThread "Monitor Deflation Thread"   daemon [_thread_blocked, id=21508, stack(0x000000bd36800000,0x000000bd36900000) (1024K)]
  0x000001d05a1cdfb0 JavaThread "C2 CompilerThread0"         daemon [_thread_blocked, id=54064, stack(0x000000bd36900000,0x000000bd36a00000) (1024K)]
  0x000001d05a23f010 JavaThread "C1 CompilerThread0"         daemon [_thread_blocked, id=22372, stack(0x000000bd36a00000,0x000000bd36b00000) (1024K)]
  0x000001d05a3a7e20 JavaThread "Common-Cleaner"             daemon [_thread_blocked, id=51732, stack(0x000000bd36b00000,0x000000bd36c00000) (1024K)]
  0x000001d07604beb0 JavaThread "Notification Thread"        daemon [_thread_blocked, id=54696, stack(0x000000bd36d00000,0x000000bd36e00000) (1024K)]
  0x000001d07665c330 JavaThread "Active Thread: Equinox Container: 0df3f382-553c-49b2-a369-00f214caf111"        [_thread_blocked, id=6780, stack(0x000000bd37100000,0x000000bd37200000) (1024K)]
  0x000001d07667c690 JavaThread "Framework Event Dispatcher: Equinox Container: 0df3f382-553c-49b2-a369-00f214caf111" daemon [_thread_blocked, id=53668, stack(0x000000bd37200000,0x000000bd37300000) (1024K)]
=>0x000001d071b1a2b0 JavaThread "Start Level: Equinox Container: 0df3f382-553c-49b2-a369-00f214caf111" daemon [_thread_in_vm, id=54132, stack(0x000000bd37300000,0x000000bd37400000) (1024K)]
  0x000001d07670dac0 JavaThread "SCR Component Actor"        daemon [_thread_blocked, id=55020, stack(0x000000bd37400000,0x000000bd37500000) (1024K)]
  0x000001d071a21580 JavaThread "SCR Component Registry"     daemon [_thread_blocked, id=48496, stack(0x000000bd36c00000,0x000000bd36d00000) (1024K)]
  0x000001d07654ef30 JavaThread "Worker-JM"                         [_thread_blocked, id=2504, stack(0x000000bd37600000,0x000000bd37700000) (1024K)]
  0x000001d0769139e0 JavaThread "JNA Cleaner"                daemon [_thread_blocked, id=54008, stack(0x000000bd37500000,0x000000bd37600000) (1024K)]
  0x000001d0769148b0 JavaThread "Worker-0"                          [_thread_blocked, id=54304, stack(0x000000bd37700000,0x000000bd37800000) (1024K)]
  0x000001d0769a25a0 JavaThread "Worker-1"                          [_thread_blocked, id=1672, stack(0x000000bd37800000,0x000000bd37900000) (1024K)]
  0x000001d07699cb30 JavaThread "C2 CompilerThread1"         daemon [_thread_blocked, id=21684, stack(0x000000bd37900000,0x000000bd37a00000) (1024K)]
Total: 21

Other Threads:
  0x000001d05a1ac760 VMThread "VM Thread"                           [id=52796, stack(0x000000bd36200000,0x000000bd36300000) (1024K)]
  0x000001d05a1212c0 WatcherThread "VM Periodic Task Thread"        [id=20368, stack(0x000000bd36100000,0x000000bd36200000) (1024K)]
  0x000001d05a2fca20 WorkerThread "GC Thread#0"                     [id=48540, stack(0x000000bd36000000,0x000000bd36100000) (1024K)]
  0x000001d076355630 WorkerThread "GC Thread#1"                     [id=53716, stack(0x000000bd36e00000,0x000000bd36f00000) (1024K)]
  0x000001d0763559d0 WorkerThread "GC Thread#2"                     [id=45984, stack(0x000000bd36f00000,0x000000bd37000000) (1024K)]
  0x000001d0763effb0 WorkerThread "GC Thread#3"                     [id=26064, stack(0x000000bd37000000,0x000000bd37100000) (1024K)]
Total: 6

Threads with active compile tasks:
Total: 0

VM state: not at safepoint (normal execution)

VM Mutex/Monitor currently owned by a thread:  ([mutex/lock_event])
[0x00007ff962563458] Metaspace_lock - owner thread: 0x000001d071b1a2b0

Heap address: 0x0000000080000000, size: 2048 MB, Compressed Oops mode: 32-bit

CDS archive(s) mapped at: [0x000001d000000000-0x000001d000ba0000-0x000001d000ba0000), size 12189696, SharedBaseAddress: 0x000001d000000000, ArchiveRelocationMode: 1.
Compressed class space mapped at: 0x000001d001000000-0x000001d041000000, reserved size: 1073741824
Narrow klass base: 0x000001d000000000, Narrow klass shift: 0, Narrow klass range: 0x100000000

GC Precious Log:
 CardTable entry size: 512
 CPUs: 4 total, 4 available
 Memory: 16323M
 Large Page Support: Disabled
 NUMA Support: Disabled
 Compressed Oops: Enabled (32-bit)
 Alignments: Space 512K, Generation 512K, Heap 2M
 Heap Min Capacity: 100M
 Heap Initial Capacity: 100M
 Heap Max Capacity: 2G
 Pre-touch: Disabled
 Parallel Workers: 4

Heap:
 PSYoungGen      total 29696K, used 4674K [0x00000000d5580000, 0x00000000d7680000, 0x0000000100000000)
  eden space 25600K, 2% used [0x00000000d5580000,0x00000000d56167e8,0x00000000d6e80000)
  from space 4096K, 99% used [0x00000000d6e80000,0x00000000d727a1d8,0x00000000d7280000)
  to   space 4096K, 0% used [0x00000000d7280000,0x00000000d7280000,0x00000000d7680000)
 ParOldGen       total 68608K, used 5076K [0x0000000080000000, 0x0000000084300000, 0x00000000d5580000)
  object space 68608K, 7% used [0x0000000080000000,0x00000000804f50b8,0x0000000084300000)
 Metaspace       used 20245K, committed 20864K, reserved 1114112K
  class space    used 2005K, committed 2304K, reserved 1048576K

Card table byte_map: [0x000001d059c90000,0x000001d05a0a0000] _byte_map_base: 0x000001d059890000

Marking Bits: (ParMarkBitMap*) 0x00007ff96256a340
 Begin Bits: [0x000001d06c790000, 0x000001d06e790000)
 End Bits:   [0x000001d06e790000, 0x000001d070790000)

Polling page: 0x000001d058070000

Metaspace:

Usage:
  Non-class:     17.81 MB used.
      Class:      1.96 MB used.
       Both:     19.77 MB used.

Virtual space:
  Non-class space:       64.00 MB reserved,      18.12 MB ( 28%) committed,  1 nodes.
      Class space:        1.00 GB reserved,       2.25 MB ( <1%) committed,  1 nodes.
             Both:        1.06 GB reserved,      20.38 MB (  2%) committed. 

Chunk freelists:
   Non-Class:  13.36 MB
       Class:  13.58 MB
        Both:  26.94 MB

MaxMetaspaceSize: unlimited
CompressedClassSpaceSize: 1.00 GB
Initial GC threshold: 21.00 MB
Current GC threshold: 21.00 MB
CDS: on
 - commit_granule_bytes: 65536.
 - commit_granule_words: 8192.
 - virtual_space_node_default_size: 8388608.
 - enlarge_chunks_in_place: 1.
 - use_allocation_guard: 0.


Internal statistics:

num_allocs_failed_limit: 0.
num_arena_births: 502.
num_arena_deaths: 0.
num_vsnodes_births: 2.
num_vsnodes_deaths: 0.
num_space_committed: 326.
num_space_uncommitted: 0.
num_chunks_returned_to_freelist: 0.
num_chunks_taken_from_freelist: 1274.
num_chunk_merges: 0.
num_chunk_splits: 805.
num_chunks_enlarged: 520.
num_inconsistent_stats: 0.

CodeHeap 'non-profiled nmethods': size=120000Kb used=1223Kb max_used=1223Kb free=118776Kb
 bounds [0x000001d064fb0000, 0x000001d065220000, 0x000001d06c4e0000]
CodeHeap 'profiled nmethods': size=120000Kb used=5315Kb max_used=5315Kb free=114684Kb
 bounds [0x000001d05d4e0000, 0x000001d05da20000, 0x000001d064a10000]
CodeHeap 'non-nmethods': size=5760Kb used=1304Kb max_used=1345Kb free=4455Kb
 bounds [0x000001d064a10000, 0x000001d064c80000, 0x000001d064fb0000]
CodeCache: size=245760Kb, used=7842Kb, max_used=7883Kb, free=237915Kb
 total_blobs=3312, nmethods=2726, adapters=492, full_count=0
Compilation: enabled, stopped_count=0, restarted_count=0

Compilation events (20 events):
Event: 3.296 Thread 0x000001d05a23f010 nmethod 2717% 0x000001d05da05790 code [0x000001d05da05da0, 0x000001d05da08a30]
Event: 3.306 Thread 0x000001d05a23f010 2718       3       java.lang.ThreadLocal$ThreadLocalMap::nextIndex (15 bytes)
Event: 3.306 Thread 0x000001d05a23f010 nmethod 2718 0x000001d05da09c90 code [0x000001d05da09e20, 0x000001d05da09f58]
Event: 3.307 Thread 0x000001d05a1cdfb0 2719       4       java.lang.ref.Reference::refersTo (6 bytes)
Event: 3.308 Thread 0x000001d05a1cdfb0 nmethod 2719 0x000001d0650dfd90 code [0x000001d0650dff20, 0x000001d0650dffd0]
Event: 3.325 Thread 0x000001d05a23f010 2720       3       java.util.concurrent.ConcurrentHashMap::remove (32 bytes)
Event: 3.325 Thread 0x000001d05a23f010 nmethod 2720 0x000001d05da0a010 code [0x000001d05da0a1e0, 0x000001d05da0a4a8]
Event: 3.325 Thread 0x000001d05a23f010 2721       3       org.lombokweb.asm.SymbolTable::<init> (554 bytes)
Event: 3.325 Thread 0x000001d07699cb30 2722       4       java.util.regex.Matcher::search (154 bytes)
Event: 3.327 Thread 0x000001d05a23f010 nmethod 2721 0x000001d05da0a590 code [0x000001d05da0ab60, 0x000001d05da0d4a8]
Event: 3.327 Thread 0x000001d05a23f010 2728       3       org.lombokweb.asm.MethodWriter::visitLabel (332 bytes)
Event: 3.328 Thread 0x000001d05a23f010 nmethod 2728 0x000001d05da0e710 code [0x000001d05da0e960, 0x000001d05da0f258]
Event: 3.328 Thread 0x000001d05a23f010 2725       3       org.lombokweb.asm.MethodVisitor::visitInsn (16 bytes)
Event: 3.328 Thread 0x000001d05a23f010 nmethod 2725 0x000001d05da0f490 code [0x000001d05da0f640, 0x000001d05da0f848]
Event: 3.328 Thread 0x000001d05a23f010 2726       3       org.lombokweb.asm.Label::addForwardReference (102 bytes)
Event: 3.328 Thread 0x000001d05a23f010 nmethod 2726 0x000001d05da0f910 code [0x000001d05da0fae0, 0x000001d05da0ff40]
Event: 3.328 Thread 0x000001d05a23f010 2724       3       org.lombokweb.asm.MethodVisitor::visitJumpInsn (17 bytes)
Event: 3.328 Thread 0x000001d05a23f010 nmethod 2724 0x000001d05da10110 code [0x000001d05da102c0, 0x000001d05da104c8]
Event: 3.328 Thread 0x000001d05a23f010 2727       1       lombok.patcher.MethodLogistics::getReturnOpcode (5 bytes)
Event: 3.328 Thread 0x000001d05a23f010 nmethod 2727 0x000001d0650e0090 code [0x000001d0650e0220, 0x000001d0650e02e8]

GC Heap History (10 events):
Event: 0.869 GC heap before
{Heap before GC invocations=1 (full 0):
 PSYoungGen      total 29696K, used 25600K [0x00000000d5580000, 0x00000000d7680000, 0x0000000100000000)
  eden space 25600K, 100% used [0x00000000d5580000,0x00000000d6e80000,0x00000000d6e80000)
  from space 4096K, 0% used [0x00000000d7280000,0x00000000d7280000,0x00000000d7680000)
  to   space 4096K, 0% used [0x00000000d6e80000,0x00000000d6e80000,0x00000000d7280000)
 ParOldGen       total 68608K, used 0K [0x0000000080000000, 0x0000000084300000, 0x00000000d5580000)
  object space 68608K, 0% used [0x0000000080000000,0x0000000080000000,0x0000000084300000)
 Metaspace       used 4326K, committed 4608K, reserved 1114112K
  class space    used 473K, committed 576K, reserved 1048576K
}
Event: 0.875 GC heap after
{Heap after GC invocations=1 (full 0):
 PSYoungGen      total 29696K, used 3327K [0x00000000d5580000, 0x00000000d7680000, 0x0000000100000000)
  eden space 25600K, 0% used [0x00000000d5580000,0x00000000d5580000,0x00000000d6e80000)
  from space 4096K, 81% used [0x00000000d6e80000,0x00000000d71bfe78,0x00000000d7280000)
  to   space 4096K, 0% used [0x00000000d7280000,0x00000000d7280000,0x00000000d7680000)
 ParOldGen       total 68608K, used 8K [0x0000000080000000, 0x0000000084300000, 0x00000000d5580000)
  object space 68608K, 0% used [0x0000000080000000,0x0000000080002000,0x0000000084300000)
 Metaspace       used 4326K, committed 4608K, reserved 1114112K
  class space    used 473K, committed 576K, reserved 1048576K
}
Event: 1.648 GC heap before
{Heap before GC invocations=2 (full 0):
 PSYoungGen      total 29696K, used 28927K [0x00000000d5580000, 0x00000000d7680000, 0x0000000100000000)
  eden space 25600K, 100% used [0x00000000d5580000,0x00000000d6e80000,0x00000000d6e80000)
  from space 4096K, 81% used [0x00000000d6e80000,0x00000000d71bfe78,0x00000000d7280000)
  to   space 4096K, 0% used [0x00000000d7280000,0x00000000d7280000,0x00000000d7680000)
 ParOldGen       total 68608K, used 8K [0x0000000080000000, 0x0000000084300000, 0x00000000d5580000)
  object space 68608K, 0% used [0x0000000080000000,0x0000000080002000,0x0000000084300000)
 Metaspace       used 8197K, committed 8448K, reserved 1114112K
  class space    used 870K, committed 1024K, reserved 1048576K
}
Event: 1.652 GC heap after
{Heap after GC invocations=2 (full 0):
 PSYoungGen      total 29696K, used 4069K [0x00000000d5580000, 0x00000000d7680000, 0x0000000100000000)
  eden space 25600K, 0% used [0x00000000d5580000,0x00000000d5580000,0x00000000d6e80000)
  from space 4096K, 99% used [0x00000000d7280000,0x00000000d7679520,0x00000000d7680000)
  to   space 4096K, 0% used [0x00000000d6e80000,0x00000000d6e80000,0x00000000d7280000)
 ParOldGen       total 68608K, used 905K [0x0000000080000000, 0x0000000084300000, 0x00000000d5580000)
  object space 68608K, 1% used [0x0000000080000000,0x00000000800e2698,0x0000000084300000)
 Metaspace       used 8197K, committed 8448K, reserved 1114112K
  class space    used 870K, committed 1024K, reserved 1048576K
}
Event: 2.399 GC heap before
{Heap before GC invocations=3 (full 0):
 PSYoungGen      total 29696K, used 29669K [0x00000000d5580000, 0x00000000d7680000, 0x0000000100000000)
  eden space 25600K, 100% used [0x00000000d5580000,0x00000000d6e80000,0x00000000d6e80000)
  from space 4096K, 99% used [0x00000000d7280000,0x00000000d7679520,0x00000000d7680000)
  to   space 4096K, 0% used [0x00000000d6e80000,0x00000000d6e80000,0x00000000d7280000)
 ParOldGen       total 68608K, used 905K [0x0000000080000000, 0x0000000084300000, 0x00000000d5580000)
  object space 68608K, 1% used [0x0000000080000000,0x00000000800e2698,0x0000000084300000)
 Metaspace       used 13010K, committed 13504K, reserved 1114112K
  class space    used 1375K, committed 1600K, reserved 1048576K
}
Event: 2.403 GC heap after
{Heap after GC invocations=3 (full 0):
 PSYoungGen      total 29696K, used 4069K [0x00000000d5580000, 0x00000000d7680000, 0x0000000100000000)
  eden space 25600K, 0% used [0x00000000d5580000,0x00000000d5580000,0x00000000d6e80000)
  from space 4096K, 99% used [0x00000000d6e80000,0x00000000d7279448,0x00000000d7280000)
  to   space 4096K, 0% used [0x00000000d7280000,0x00000000d7280000,0x00000000d7680000)
 ParOldGen       total 68608K, used 2648K [0x0000000080000000, 0x0000000084300000, 0x00000000d5580000)
  object space 68608K, 3% used [0x0000000080000000,0x00000000802961c0,0x0000000084300000)
 Metaspace       used 13010K, committed 13504K, reserved 1114112K
  class space    used 1375K, committed 1600K, reserved 1048576K
}
Event: 3.031 GC heap before
{Heap before GC invocations=4 (full 0):
 PSYoungGen      total 29696K, used 29669K [0x00000000d5580000, 0x00000000d7680000, 0x0000000100000000)
  eden space 25600K, 100% used [0x00000000d5580000,0x00000000d6e80000,0x00000000d6e80000)
  from space 4096K, 99% used [0x00000000d6e80000,0x00000000d7279448,0x00000000d7280000)
  to   space 4096K, 0% used [0x00000000d7280000,0x00000000d7280000,0x00000000d7680000)
 ParOldGen       total 68608K, used 2648K [0x0000000080000000, 0x0000000084300000, 0x00000000d5580000)
  object space 68608K, 3% used [0x0000000080000000,0x00000000802961c0,0x0000000084300000)
 Metaspace       used 16944K, committed 17600K, reserved 1114112K
  class space    used 1783K, committed 2048K, reserved 1048576K
}
Event: 3.035 GC heap after
{Heap after GC invocations=4 (full 0):
 PSYoungGen      total 29696K, used 4064K [0x00000000d5580000, 0x00000000d7680000, 0x0000000100000000)
  eden space 25600K, 0% used [0x00000000d5580000,0x00000000d5580000,0x00000000d6e80000)
  from space 4096K, 99% used [0x00000000d7280000,0x00000000d7678058,0x00000000d7680000)
  to   space 4096K, 0% used [0x00000000d6e80000,0x00000000d6e80000,0x00000000d7280000)
 ParOldGen       total 68608K, used 4812K [0x0000000080000000, 0x0000000084300000, 0x00000000d5580000)
  object space 68608K, 7% used [0x0000000080000000,0x00000000804b3228,0x0000000084300000)
 Metaspace       used 16944K, committed 17600K, reserved 1114112K
  class space    used 1783K, committed 2048K, reserved 1048576K
}
Event: 3.320 GC heap before
{Heap before GC invocations=5 (full 0):
 PSYoungGen      total 29696K, used 29664K [0x00000000d5580000, 0x00000000d7680000, 0x0000000100000000)
  eden space 25600K, 100% used [0x00000000d5580000,0x00000000d6e80000,0x00000000d6e80000)
  from space 4096K, 99% used [0x00000000d7280000,0x00000000d7678058,0x00000000d7680000)
  to   space 4096K, 0% used [0x00000000d6e80000,0x00000000d6e80000,0x00000000d7280000)
 ParOldGen       total 68608K, used 4812K [0x0000000080000000, 0x0000000084300000, 0x00000000d5580000)
  object space 68608K, 7% used [0x0000000080000000,0x00000000804b3228,0x0000000084300000)
 Metaspace       used 20222K, committed 20864K, reserved 1114112K
  class space    used 2005K, committed 2304K, reserved 1048576K
}
Event: 3.324 GC heap after
{Heap after GC invocations=5 (full 0):
 PSYoungGen      total 29696K, used 4072K [0x00000000d5580000, 0x00000000d7680000, 0x0000000100000000)
  eden space 25600K, 0% used [0x00000000d5580000,0x00000000d5580000,0x00000000d6e80000)
  from space 4096K, 99% used [0x00000000d6e80000,0x00000000d727a1d8,0x00000000d7280000)
  to   space 4096K, 0% used [0x00000000d7280000,0x00000000d7280000,0x00000000d7680000)
 ParOldGen       total 68608K, used 5076K [0x0000000080000000, 0x0000000084300000, 0x00000000d5580000)
  object space 68608K, 7% used [0x0000000080000000,0x00000000804f50b8,0x0000000084300000)
 Metaspace       used 20222K, committed 20864K, reserved 1114112K
  class space    used 2005K, committed 2304K, reserved 1048576K
}

Dll operation events (10 events):
Event: 0.011 Loaded shared library c:\Users\servisofts\.vscode\extensions\redhat.java-1.44.0-win32-x64\jre\21.0.8-win32-x86_64\bin\java.dll
Event: 0.046 Loaded shared library c:\Users\servisofts\.vscode\extensions\redhat.java-1.44.0-win32-x64\jre\21.0.8-win32-x86_64\bin\zip.dll
Event: 0.154 Loaded shared library C:\Users\servisofts\.vscode\extensions\redhat.java-1.44.0-win32-x64\jre\21.0.8-win32-x86_64\bin\instrument.dll
Event: 0.157 Loaded shared library C:\Users\servisofts\.vscode\extensions\redhat.java-1.44.0-win32-x64\jre\21.0.8-win32-x86_64\bin\net.dll
Event: 0.159 Loaded shared library C:\Users\servisofts\.vscode\extensions\redhat.java-1.44.0-win32-x64\jre\21.0.8-win32-x86_64\bin\nio.dll
Event: 0.162 Loaded shared library C:\Users\servisofts\.vscode\extensions\redhat.java-1.44.0-win32-x64\jre\21.0.8-win32-x86_64\bin\zip.dll
Event: 0.197 Loaded shared library C:\Users\servisofts\.vscode\extensions\redhat.java-1.44.0-win32-x64\jre\21.0.8-win32-x86_64\bin\jimage.dll
Event: 0.285 Loaded shared library c:\Users\servisofts\.vscode\extensions\redhat.java-1.44.0-win32-x64\jre\21.0.8-win32-x86_64\bin\verify.dll
Event: 1.626 Loaded shared library C:\Users\servisofts\AppData\Roaming\Code\User\globalStorage\redhat.java\1.44.0\config_ss_win\org.eclipse.equinox.launcher\org.eclipse.equinox.launcher.win32.win32.x86_64_1.2.1400.v20250730-1736\eclipse_11913.dll
Event: 2.783 Loaded shared library C:\Users\servisofts\AppData\Local\Temp\jna--1709682090\jna17137722833269241702.dll

Deoptimization events (20 events):
Event: 2.949 Thread 0x000001d071b1a2b0 Uncommon trap: trap_request=0xffffffde fr.pc=0x000001d0650a0de8 relative=0x0000000000000228
Event: 2.949 Thread 0x000001d071b1a2b0 Uncommon trap: reason=class_check action=maybe_recompile pc=0x000001d0650a0de8 method=java.util.regex.Pattern$BmpCharPropertyGreedy.match(Ljava/util/regex/Matcher;ILjava/lang/CharSequence;)Z @ 70 c2
Event: 2.949 Thread 0x000001d071b1a2b0 DEOPT PACKING pc=0x000001d0650a0de8 sp=0x000000bd373f3440
Event: 2.949 Thread 0x000001d071b1a2b0 DEOPT UNPACKING pc=0x000001d064a63aa2 sp=0x000000bd373f33e8 mode 2
Event: 2.949 Thread 0x000001d071b1a2b0 Uncommon trap: trap_request=0xffffffde fr.pc=0x000001d0650a0de8 relative=0x0000000000000228
Event: 2.949 Thread 0x000001d071b1a2b0 Uncommon trap: reason=class_check action=maybe_recompile pc=0x000001d0650a0de8 method=java.util.regex.Pattern$BmpCharPropertyGreedy.match(Ljava/util/regex/Matcher;ILjava/lang/CharSequence;)Z @ 70 c2
Event: 2.949 Thread 0x000001d071b1a2b0 DEOPT PACKING pc=0x000001d0650a0de8 sp=0x000000bd373f3290
Event: 2.949 Thread 0x000001d071b1a2b0 DEOPT UNPACKING pc=0x000001d064a63aa2 sp=0x000000bd373f3238 mode 2
Event: 3.294 Thread 0x000001d071b1a2b0 Uncommon trap: trap_request=0xffffff6e fr.pc=0x000001d0650cb0fc relative=0x0000000000000b7c
Event: 3.294 Thread 0x000001d071b1a2b0 Uncommon trap: reason=loop_limit_check action=maybe_recompile pc=0x000001d0650cb0fc method=java.util.regex.Pattern$StartS.match(Ljava/util/regex/Matcher;ILjava/lang/CharSequence;)Z @ 34 c2
Event: 3.294 Thread 0x000001d071b1a2b0 DEOPT PACKING pc=0x000001d0650cb0fc sp=0x000000bd373f2980
Event: 3.294 Thread 0x000001d071b1a2b0 DEOPT UNPACKING pc=0x000001d064a63aa2 sp=0x000000bd373f28f0 mode 2
Event: 3.326 Thread 0x000001d071b1a2b0 Uncommon trap: trap_request=0xffffff45 fr.pc=0x000001d0650dfc04 relative=0x0000000000000164
Event: 3.326 Thread 0x000001d071b1a2b0 Uncommon trap: reason=unstable_if action=reinterpret pc=0x000001d0650dfc04 method=org.lombokweb.asm.ByteVector.putByteArray([BII)Lorg/lombokweb/asm/ByteVector; @ 20 c2
Event: 3.326 Thread 0x000001d071b1a2b0 DEOPT PACKING pc=0x000001d0650dfc04 sp=0x000000bd373eed00
Event: 3.326 Thread 0x000001d071b1a2b0 DEOPT UNPACKING pc=0x000001d064a63aa2 sp=0x000000bd373eecd0 mode 2
Event: 3.326 Thread 0x000001d071b1a2b0 Uncommon trap: trap_request=0xffffff45 fr.pc=0x000001d0650dedd0 relative=0x0000000000000390
Event: 3.326 Thread 0x000001d071b1a2b0 Uncommon trap: reason=unstable_if action=reinterpret pc=0x000001d0650dedd0 method=org.lombokweb.asm.Label.resolve([BLorg/lombokweb/asm/ByteVector;I)Z @ 81 c2
Event: 3.326 Thread 0x000001d071b1a2b0 DEOPT PACKING pc=0x000001d0650dedd0 sp=0x000000bd373eed90
Event: 3.326 Thread 0x000001d071b1a2b0 DEOPT UNPACKING pc=0x000001d064a63aa2 sp=0x000000bd373eec98 mode 2

Classes loaded (20 events):
Event: 2.945 Loading class java/io/StringReader
Event: 2.945 Loading class java/io/StringReader done
Event: 2.946 Loading class java/util/zip/GZIPInputStream
Event: 2.946 Loading class java/util/zip/GZIPInputStream done
Event: 2.969 Loading class java/net/SocketTimeoutException
Event: 2.969 Loading class java/io/InterruptedIOException
Event: 2.969 Loading class java/io/InterruptedIOException done
Event: 2.969 Loading class java/net/SocketTimeoutException done
Event: 2.969 Loading class java/net/SocketException
Event: 2.969 Loading class java/net/SocketException done
Event: 2.969 Loading class java/net/UnknownHostException
Event: 2.969 Loading class java/net/UnknownHostException done
Event: 2.969 Loading class java/net/ProtocolException
Event: 2.969 Loading class java/net/ProtocolException done
Event: 3.042 Loading class java/lang/ThreadLocal$SuppliedThreadLocal
Event: 3.042 Loading class java/lang/ThreadLocal$SuppliedThreadLocal done
Event: 3.045 Loading class java/io/FileWriter
Event: 3.046 Loading class java/io/FileWriter done
Event: 3.113 Loading class java/lang/NegativeArraySizeException
Event: 3.113 Loading class java/lang/NegativeArraySizeException done

Classes unloaded (0 events):
No events

Classes redefined (0 events):
No events

Internal exceptions (20 events):
Event: 2.801 Thread 0x000001d071b1a2b0 Exception <a 'java/lang/NoSuchMethodError'{0x00000000d648b1c0}: 'void java.lang.invoke.DelegatingMethodHandle$Holder.reinvoke_L(java.lang.Object, java.lang.Object, int)'> (0x00000000d648b1c0) 
thrown [s\src\hotspot\share\interpreter\linkResolver.cpp, line 773]
Event: 2.801 Thread 0x000001d071b1a2b0 Exception <a 'java/lang/NoSuchMethodError'{0x00000000d6491ea8}: 'int java.lang.invoke.Invokers$Holder.invokeExact_MT(java.lang.Object, java.lang.Object, java.lang.Object)'> (0x00000000d6491ea8) 
thrown [s\src\hotspot\share\interpreter\linkResolver.cpp, line 773]
Event: 2.817 Thread 0x000001d071b1a2b0 Exception <a 'java/lang/NoSuchMethodError'{0x00000000d659c670}: 'void java.lang.invoke.Invokers$Holder.invokeExact_MT(java.lang.Object, java.lang.Object, int, java.lang.Object)'> (0x00000000d659c670) 
thrown [s\src\hotspot\share\interpreter\linkResolver.cpp, line 773]
Event: 2.846 Thread 0x000001d071b1a2b0 Exception <a 'java/lang/NoSuchMethodError'{0x00000000d669dbd0}: 'java.lang.Object java.lang.invoke.DirectMethodHandle$Holder.invokeSpecial(java.lang.Object, java.lang.Object, java.lang.Object, long, java.lang.Object)'> (0x00000000d669dbd0) 
thrown [s\src\hotspot\share\interpreter\linkResolver.cpp, line 773]
Event: 2.846 Thread 0x000001d071b1a2b0 Exception <a 'java/lang/NoSuchMethodError'{0x00000000d66a5418}: 'java.lang.Object java.lang.invoke.DirectMethodHandle$Holder.newInvokeSpecial(java.lang.Object, java.lang.Object, java.lang.Object, long)'> (0x00000000d66a5418) 
thrown [s\src\hotspot\share\interpreter\linkResolver.cpp, line 773]
Event: 2.847 Thread 0x000001d071b1a2b0 Exception <a 'java/lang/NoSuchMethodError'{0x00000000d66a9808}: 'java.lang.Object java.lang.invoke.DirectMethodHandle$Holder.invokeSpecial(java.lang.Object, java.lang.Object, java.lang.Object, java.lang.Object, long)'> (0x00000000d66a9808) 
thrown [s\src\hotspot\share\interpreter\linkResolver.cpp, line 773]
Event: 2.847 Thread 0x000001d071b1a2b0 Exception <a 'java/lang/NoSuchMethodError'{0x00000000d66ad428}: 'java.lang.Object java.lang.invoke.Invokers$Holder.linkToTargetMethod(java.lang.Object, java.lang.Object, long, java.lang.Object)'> (0x00000000d66ad428) 
thrown [s\src\hotspot\share\interpreter\linkResolver.cpp, line 773]
Event: 2.853 Thread 0x000001d071b1a2b0 Exception <a 'java/lang/NoSuchMethodError'{0x00000000d671f4a0}: 'int java.lang.invoke.DirectMethodHandle$Holder.invokeStaticInit(java.lang.Object, java.lang.Object, java.lang.Object)'> (0x00000000d671f4a0) 
thrown [s\src\hotspot\share\interpreter\linkResolver.cpp, line 773]
Event: 2.862 Thread 0x000001d071b1a2b0 Exception <a 'java/lang/IncompatibleClassChangeError'{0x00000000d67a1688}: Found class java.lang.Object, but interface was expected> (0x00000000d67a1688) 
thrown [s\src\hotspot\share\interpreter\linkResolver.cpp, line 840]
Event: 2.866 Thread 0x000001d071b1a2b0 Exception <a 'java/lang/NoSuchMethodError'{0x00000000d67b47a8}: 'java.lang.Object java.lang.invoke.DirectMethodHandle$Holder.invokeSpecial(java.lang.Object, java.lang.Object, java.lang.Object, int, java.lang.Object, java.lang.Object)'> (0x00000000d67b47a8) 
thrown [s\src\hotspot\share\interpreter\linkResolver.cpp, line 773]
Event: 2.867 Thread 0x000001d071b1a2b0 Exception <a 'java/lang/NoSuchMethodError'{0x00000000d67bc280}: 'java.lang.Object java.lang.invoke.DirectMethodHandle$Holder.newInvokeSpecial(java.lang.Object, java.lang.Object, java.lang.Object, int, java.lang.Object)'> (0x00000000d67bc280) 
thrown [s\src\hotspot\share\interpreter\linkResolver.cpp, line 773]
Event: 2.867 Thread 0x000001d071b1a2b0 Exception <a 'java/lang/NoSuchMethodError'{0x00000000d67c0240}: 'java.lang.Object java.lang.invoke.DirectMethodHandle$Holder.invokeSpecial(java.lang.Object, java.lang.Object, java.lang.Object, java.lang.Object, int, java.lang.Object)'> (0x00000000d67c0240) 
thrown [s\src\hotspot\share\interpreter\linkResolver.cpp, line 773]
Event: 2.867 Thread 0x000001d071b1a2b0 Exception <a 'java/lang/NoSuchMethodError'{0x00000000d67c3d80}: 'java.lang.Object java.lang.invoke.Invokers$Holder.linkToTargetMethod(java.lang.Object, java.lang.Object, int, java.lang.Object, java.lang.Object)'> (0x00000000d67c3d80) 
thrown [s\src\hotspot\share\interpreter\linkResolver.cpp, line 773]
Event: 2.872 Thread 0x000001d0769148b0 Exception <a 'java/lang/NoSuchMethodError'{0x00000000d66ea0f8}: 'java.lang.Object java.lang.invoke.DirectMethodHandle$Holder.invokeSpecial(java.lang.Object, java.lang.Object, int, java.lang.Object, java.lang.Object)'> (0x00000000d66ea0f8) 
thrown [s\src\hotspot\share\interpreter\linkResolver.cpp, line 773]
Event: 2.872 Thread 0x000001d0769148b0 Exception <a 'java/lang/NoSuchMethodError'{0x00000000d66f0e30}: 'java.lang.Object java.lang.invoke.DirectMethodHandle$Holder.newInvokeSpecial(java.lang.Object, java.lang.Object, int, java.lang.Object)'> (0x00000000d66f0e30) 
thrown [s\src\hotspot\share\interpreter\linkResolver.cpp, line 773]
Event: 2.874 Thread 0x000001d0769148b0 Exception <a 'java/lang/NoSuchMethodError'{0x00000000d66f4750}: 'java.lang.Object java.lang.invoke.DirectMethodHandle$Holder.invokeSpecial(java.lang.Object, java.lang.Object, java.lang.Object, int, java.lang.Object)'> (0x00000000d66f4750) 
thrown [s\src\hotspot\share\interpreter\linkResolver.cpp, line 773]
Event: 2.900 Thread 0x000001d071b1a2b0 Exception <a 'java/lang/NoSuchMethodError'{0x00000000d68e0f78}: 'void java.lang.invoke.DirectMethodHandle$Holder.invokeSpecial(java.lang.Object, java.lang.Object, java.lang.Object, java.lang.Object, java.lang.Object)'> (0x00000000d68e0f78) 
thrown [s\src\hotspot\share\interpreter\linkResolver.cpp, line 773]
Event: 2.934 Thread 0x000001d071b1a2b0 Exception <a 'java/lang/NoSuchMethodError'{0x00000000d6af4bf8}: 'double java.lang.invoke.DirectMethodHandle$Holder.invokeStatic(java.lang.Object, java.lang.Object)'> (0x00000000d6af4bf8) 
thrown [s\src\hotspot\share\interpreter\linkResolver.cpp, line 773]
Event: 2.934 Thread 0x000001d071b1a2b0 Exception <a 'java/lang/NoSuchMethodError'{0x00000000d6af82b8}: 'double java.lang.invoke.DirectMethodHandle$Holder.invokeStaticInit(java.lang.Object, java.lang.Object)'> (0x00000000d6af82b8) 
thrown [s\src\hotspot\share\interpreter\linkResolver.cpp, line 773]
Event: 3.326 Thread 0x000001d071b1a2b0 Implicit null exception at 0x000001d0650dfaf5 to 0x000001d0650dfbe8

ZGC Phase Switch (0 events):
No events

VM Operations (20 events):
Event: 1.648 Executing VM operation: ParallelGCFailedAllocation (Allocation Failure)
Event: 1.653 Executing VM operation: ParallelGCFailedAllocation (Allocation Failure) done
Event: 1.879 Executing VM operation: HandshakeAllThreads (Deoptimize)
Event: 1.879 Executing VM operation: HandshakeAllThreads (Deoptimize) done
Event: 2.244 Executing VM operation: HandshakeAllThreads (Deoptimize)
Event: 2.245 Executing VM operation: HandshakeAllThreads (Deoptimize) done
Event: 2.399 Executing VM operation: ParallelGCFailedAllocation (Allocation Failure)
Event: 2.403 Executing VM operation: ParallelGCFailedAllocation (Allocation Failure) done
Event: 2.448 Executing VM operation: HandshakeAllThreads (Deoptimize)
Event: 2.448 Executing VM operation: HandshakeAllThreads (Deoptimize) done
Event: 2.454 Executing VM operation: HandshakeAllThreads (Deoptimize)
Event: 2.454 Executing VM operation: HandshakeAllThreads (Deoptimize) done
Event: 2.470 Executing VM operation: HandshakeAllThreads (Deoptimize)
Event: 2.470 Executing VM operation: HandshakeAllThreads (Deoptimize) done
Event: 2.791 Executing VM operation: HandshakeAllThreads (Deoptimize)
Event: 2.791 Executing VM operation: HandshakeAllThreads (Deoptimize) done
Event: 3.031 Executing VM operation: ParallelGCFailedAllocation (Allocation Failure)
Event: 3.035 Executing VM operation: ParallelGCFailedAllocation (Allocation Failure) done
Event: 3.320 Executing VM operation: ParallelGCFailedAllocation (Allocation Failure)
Event: 3.324 Executing VM operation: ParallelGCFailedAllocation (Allocation Failure) done

Memory protections (0 events):
No events

Nmethod flushes (0 events):
No events

Events (20 events):
Event: 0.048 Thread 0x000001d05a2dc6a0 Thread added: 0x000001d05a1cb720
Event: 0.048 Thread 0x000001d05a2dc6a0 Thread added: 0x000001d05a1cd180
Event: 0.048 Thread 0x000001d05a2dc6a0 Thread added: 0x000001d05a1cdfb0
Event: 0.057 Thread 0x000001d05a2dc6a0 Thread added: 0x000001d05a23f010
Event: 0.079 Thread 0x000001d05a2dc6a0 Thread added: 0x000001d05a3a7e20
Event: 0.281 Thread 0x000001d05a23f010 Thread added: 0x000001d071a21580
Event: 0.381 Thread 0x000001d05a2dc6a0 Thread added: 0x000001d07604beb0
Event: 1.352 Thread 0x000001d05a2dc6a0 Thread added: 0x000001d07665c330
Event: 1.610 Thread 0x000001d05a2dc6a0 Thread added: 0x000001d07667c690
Event: 1.618 Thread 0x000001d05a2dc6a0 Thread added: 0x000001d071b1a2b0
Event: 1.660 Thread 0x000001d071b1a2b0 Thread added: 0x000001d07670dac0
Event: 1.845 Thread 0x000001d071a21580 Thread exited: 0x000001d071a21580
Event: 1.868 Thread 0x000001d071b1a2b0 Thread added: 0x000001d071a21580
Event: 2.004 Thread 0x000001d05a1cdfb0 Thread added: 0x000001d0763b78d0
Event: 2.285 Thread 0x000001d071b1a2b0 Thread added: 0x000001d07654ef30
Event: 2.787 Thread 0x000001d0763b78d0 Thread exited: 0x000001d0763b78d0
Event: 2.807 Thread 0x000001d071b1a2b0 Thread added: 0x000001d0769139e0
Event: 2.849 Thread 0x000001d071b1a2b0 Thread added: 0x000001d0769148b0
Event: 2.870 Thread 0x000001d071b1a2b0 Thread added: 0x000001d0769a25a0
Event: 2.958 Thread 0x000001d05a23f010 Thread added: 0x000001d07699cb30


Dynamic libraries:
0x00007ff6dd280000 - 0x00007ff6dd28e000 	c:\Users\servisofts\.vscode\extensions\redhat.java-1.44.0-win32-x64\jre\21.0.8-win32-x86_64\bin\java.exe
0x00007ff993790000 - 0x00007ff993988000 	C:\Windows\SYSTEM32\ntdll.dll
0x00007ff991c90000 - 0x00007ff991d52000 	C:\Windows\System32\KERNEL32.DLL
0x00007ff990e70000 - 0x00007ff991167000 	C:\Windows\System32\KERNELBASE.dll
0x00007ff9914c0000 - 0x00007ff9915c0000 	C:\Windows\System32\ucrtbase.dll
0x00007ff987c30000 - 0x00007ff987c48000 	c:\Users\servisofts\.vscode\extensions\redhat.java-1.44.0-win32-x64\jre\21.0.8-win32-x86_64\bin\jli.dll
0x00007ff9935b0000 - 0x00007ff99374d000 	C:\Windows\System32\USER32.dll
0x00007ff9915c0000 - 0x00007ff9915e2000 	C:\Windows\System32\win32u.dll
0x00007ff992c30000 - 0x00007ff992c5b000 	C:\Windows\System32\GDI32.dll
0x00007ff9915f0000 - 0x00007ff991709000 	C:\Windows\System32\gdi32full.dll
0x00007ff991710000 - 0x00007ff9917ad000 	C:\Windows\System32\msvcp_win.dll
0x00007ff9786e0000 - 0x00007ff9786fe000 	c:\Users\servisofts\.vscode\extensions\redhat.java-1.44.0-win32-x64\jre\21.0.8-win32-x86_64\bin\VCRUNTIME140.dll
0x00007ff980da0000 - 0x00007ff98103a000 	C:\Windows\WinSxS\amd64_microsoft.windows.common-controls_6595b64144ccf1df_6.0.19041.5915_none_60b4b9d171f9c7c7\COMCTL32.dll
0x00007ff992b90000 - 0x00007ff992c2e000 	C:\Windows\System32\msvcrt.dll
0x00007ff991de0000 - 0x00007ff991e0f000 	C:\Windows\System32\IMM32.DLL
0x00007ff98c5d0000 - 0x00007ff98c5dc000 	c:\Users\servisofts\.vscode\extensions\redhat.java-1.44.0-win32-x64\jre\21.0.8-win32-x86_64\bin\vcruntime140_1.dll
0x00007ff966cb0000 - 0x00007ff966d3d000 	c:\Users\servisofts\.vscode\extensions\redhat.java-1.44.0-win32-x64\jre\21.0.8-win32-x86_64\bin\msvcp140.dll
0x00007ff9618b0000 - 0x00007ff962647000 	c:\Users\servisofts\.vscode\extensions\redhat.java-1.44.0-win32-x64\jre\21.0.8-win32-x86_64\bin\server\jvm.dll
0x00007ff991810000 - 0x00007ff9918c1000 	C:\Windows\System32\ADVAPI32.dll
0x00007ff991e10000 - 0x00007ff991eaf000 	C:\Windows\System32\sechost.dll
0x00007ff991eb0000 - 0x00007ff991fd6000 	C:\Windows\System32\RPCRT4.dll
0x00007ff991170000 - 0x00007ff991197000 	C:\Windows\System32\bcrypt.dll
0x00007ff992260000 - 0x00007ff9922cb000 	C:\Windows\System32\WS2_32.dll
0x00007ff990350000 - 0x00007ff99039b000 	C:\Windows\SYSTEM32\POWRPROF.dll
0x00007ff987bd0000 - 0x00007ff987bf7000 	C:\Windows\SYSTEM32\WINMM.dll
0x00007ff98b640000 - 0x00007ff98b64a000 	C:\Windows\SYSTEM32\VERSION.dll
0x00007ff990220000 - 0x00007ff990232000 	C:\Windows\SYSTEM32\UMPDC.dll
0x00007ff98ecc0000 - 0x00007ff98ecd2000 	C:\Windows\SYSTEM32\kernel.appcore.dll
0x00007ff977ef0000 - 0x00007ff977efa000 	c:\Users\servisofts\.vscode\extensions\redhat.java-1.44.0-win32-x64\jre\21.0.8-win32-x86_64\bin\jimage.dll
0x00007ff987130000 - 0x00007ff987331000 	C:\Windows\SYSTEM32\DBGHELP.DLL
0x00007ff9753c0000 - 0x00007ff9753f4000 	C:\Windows\SYSTEM32\dbgcore.DLL
0x00007ff9913b0000 - 0x00007ff991432000 	C:\Windows\System32\bcryptPrimitives.dll
0x00007ff977610000 - 0x00007ff97761f000 	c:\Users\servisofts\.vscode\extensions\redhat.java-1.44.0-win32-x64\jre\21.0.8-win32-x86_64\bin\instrument.dll
0x00007ff966820000 - 0x00007ff96683f000 	c:\Users\servisofts\.vscode\extensions\redhat.java-1.44.0-win32-x64\jre\21.0.8-win32-x86_64\bin\java.dll
0x00007ff9922d0000 - 0x00007ff992a3e000 	C:\Windows\System32\SHELL32.dll
0x00007ff98eec0000 - 0x00007ff98f664000 	C:\Windows\SYSTEM32\windows.storage.dll
0x00007ff9918d0000 - 0x00007ff991c23000 	C:\Windows\System32\combase.dll
0x00007ff990850000 - 0x00007ff99087b000 	C:\Windows\SYSTEM32\Wldp.dll
0x00007ff993070000 - 0x00007ff99313d000 	C:\Windows\System32\OLEAUT32.dll
0x00007ff992c70000 - 0x00007ff992d1d000 	C:\Windows\System32\SHCORE.dll
0x00007ff991c30000 - 0x00007ff991c8b000 	C:\Windows\System32\shlwapi.dll
0x00007ff990d50000 - 0x00007ff990d74000 	C:\Windows\SYSTEM32\profapi.dll
0x00007ff966620000 - 0x00007ff966638000 	c:\Users\servisofts\.vscode\extensions\redhat.java-1.44.0-win32-x64\jre\21.0.8-win32-x86_64\bin\zip.dll
0x00007ff976950000 - 0x00007ff976960000 	C:\Users\servisofts\.vscode\extensions\redhat.java-1.44.0-win32-x64\jre\21.0.8-win32-x86_64\bin\net.dll
0x00007ff98af50000 - 0x00007ff98b05a000 	C:\Windows\SYSTEM32\WINHTTP.dll
0x00007ff9905b0000 - 0x00007ff99061a000 	C:\Windows\system32\mswsock.dll
0x00007ff966080000 - 0x00007ff966096000 	C:\Users\servisofts\.vscode\extensions\redhat.java-1.44.0-win32-x64\jre\21.0.8-win32-x86_64\bin\nio.dll
0x00007ff96b660000 - 0x00007ff96b670000 	c:\Users\servisofts\.vscode\extensions\redhat.java-1.44.0-win32-x64\jre\21.0.8-win32-x86_64\bin\verify.dll
0x00007ff974800000 - 0x00007ff974845000 	C:\Users\servisofts\AppData\Roaming\Code\User\globalStorage\redhat.java\1.44.0\config_ss_win\org.eclipse.equinox.launcher\org.eclipse.equinox.launcher.win32.win32.x86_64_1.2.1400.v20250730-1736\eclipse_11913.dll
0x00007ff992d20000 - 0x00007ff992e4b000 	C:\Windows\System32\ole32.dll
0x00007ff9907a0000 - 0x00007ff9907b8000 	C:\Windows\SYSTEM32\CRYPTSP.dll
0x00007ff98fe60000 - 0x00007ff98fe98000 	C:\Windows\system32\rsaenh.dll
0x00007ff990cd0000 - 0x00007ff990cfe000 	C:\Windows\SYSTEM32\USERENV.dll
0x00007ff9907c0000 - 0x00007ff9907cc000 	C:\Windows\SYSTEM32\CRYPTBASE.dll
0x00007ff990240000 - 0x00007ff99027b000 	C:\Windows\SYSTEM32\IPHLPAPI.DLL
0x00007ff992b60000 - 0x00007ff992b68000 	C:\Windows\System32\NSI.dll
0x00007ff974150000 - 0x00007ff974199000 	C:\Users\servisofts\AppData\Local\Temp\jna--1709682090\jna17137722833269241702.dll
0x00007ff993000000 - 0x00007ff993008000 	C:\Windows\System32\PSAPI.DLL

JVMTI agents:
c:\Users\servisofts\.vscode\extensions\redhat.java-1.44.0-win32-x64\lombok\lombok-1.18.39-4050.jar path:c:\Users\servisofts\.vscode\extensions\redhat.java-1.44.0-win32-x64\jre\21.0.8-win32-x86_64\bin\instrument.dll, loaded, initialized, instrumentlib options:none

dbghelp: loaded successfully - version: 4.0.5 - missing functions: none
symbol engine: initialized successfully - sym options: 0x614 - pdb path: .;c:\Users\servisofts\.vscode\extensions\redhat.java-1.44.0-win32-x64\jre\21.0.8-win32-x86_64\bin;C:\Windows\SYSTEM32;C:\Windows\WinSxS\amd64_microsoft.windows.common-controls_6595b64144ccf1df_6.0.19041.5915_none_60b4b9d171f9c7c7;c:\Users\servisofts\.vscode\extensions\redhat.java-1.44.0-win32-x64\jre\21.0.8-win32-x86_64\bin\server;C:\Users\servisofts\AppData\Roaming\Code\User\globalStorage\redhat.java\1.44.0\config_ss_win\org.eclipse.equinox.launcher\org.eclipse.equinox.launcher.win32.win32.x86_64_1.2.1400.v20250730-1736;C:\Users\servisofts\AppData\Local\Temp\jna--1709682090

VM Arguments:
jvm_args: --add-modules=ALL-SYSTEM --add-opens=java.base/java.util=ALL-UNNAMED --add-opens=java.base/java.lang=ALL-UNNAMED --add-opens=java.base/sun.nio.fs=ALL-UNNAMED -Declipse.application=org.eclipse.jdt.ls.core.id1 -Dosgi.bundles.defaultStartLevel=4 -Declipse.product=org.eclipse.jdt.ls.core.product -Djava.import.generatesMetadataFilesAtProjectRoot=false -DDetectVMInstallationsJob.disabled=true -Dfile.encoding=utf8 -XX:+UseParallelGC -XX:GCTimeRatio=4 -XX:AdaptiveSizePolicyWeight=90 -Dsun.zip.disableMemoryMapping=true -Xmx2G -Xms100m -Xlog:disable -javaagent:c:\Users\servisofts\.vscode\extensions\redhat.java-1.44.0-win32-x64\lombok\lombok-1.18.39-4050.jar 
java_command: c:\Users\servisofts\.vscode\extensions\redhat.java-1.44.0-win32-x64\server\plugins\org.eclipse.equinox.launcher_1.7.0.v20250519-0528.jar -configuration c:\Users\servisofts\AppData\Roaming\Code\User\globalStorage\redhat.java\1.44.0\config_ss_win -data c:\Users\servisofts\AppData\Roaming\Code\User\workspaceStorage\fece6ea9eaba2aae0ff9ddea0214f5d6\redhat.java\ss_ws --pipe=\\.\pipe\lsp-7cc4c315799f5881ae41223d8eba2188-sock
java_class_path (initial): c:\Users\servisofts\.vscode\extensions\redhat.java-1.44.0-win32-x64\server\plugins\org.eclipse.equinox.launcher_1.7.0.v20250519-0528.jar
Launcher Type: SUN_STANDARD

[Global flags]
    uintx AdaptiveSizePolicyWeight                 = 90                                        {product} {command line}
     intx CICompilerCount                          = 3                                         {product} {ergonomic}
    uintx GCTimeRatio                              = 4                                         {product} {command line}
   size_t InitialHeapSize                          = 104857600                                 {product} {command line}
   size_t MaxHeapSize                              = 2147483648                                {product} {command line}
   size_t MaxNewSize                               = 715653120                                 {product} {ergonomic}
   size_t MinHeapDeltaBytes                        = 524288                                    {product} {ergonomic}
   size_t MinHeapSize                              = 104857600                                 {product} {command line}
   size_t NewSize                                  = 34603008                                  {product} {ergonomic}
    uintx NonNMethodCodeHeapSize                   = 5832780                                {pd product} {ergonomic}
    uintx NonProfiledCodeHeapSize                  = 122912730                              {pd product} {ergonomic}
   size_t OldSize                                  = 70254592                                  {product} {ergonomic}
    uintx ProfiledCodeHeapSize                     = 122912730                              {pd product} {ergonomic}
    uintx ReservedCodeCacheSize                    = 251658240                              {pd product} {ergonomic}
     bool SegmentedCodeCache                       = true                                      {product} {ergonomic}
   size_t SoftMaxHeapSize                          = 2147483648                             {manageable} {ergonomic}
     bool UseCompressedOops                        = true                           {product lp64_product} {ergonomic}
     bool UseLargePagesIndividualAllocation        = false                                  {pd product} {ergonomic}
     bool UseParallelGC                            = true                                      {product} {command line}

Logging:
Log output configuration:
 #0: stdout all=off uptime,level,tags foldmultilines=false
 #1: stderr all=off uptime,level,tags foldmultilines=false

Environment Variables:
PATH=C:\Program Files\Common Files\Oracle\Java\javapath;C:\Windows\system32;C:\Windows;C:\Windows\System32\Wbem;C:\Windows\System32\WindowsPowerShell\v1.0\;C:\Windows\System32\OpenSSH\;C:\Users\servisofts\AppData\Local\nvm;C:\nvm4w\nodejs;C:\Program Files\Git\cmd;C:\Users\servisofts\AppData\Local\Microsoft\WindowsApps;C:\Users\servisofts\AppData\Local\Programs\Microsoft VS Code\bin;C:\Users\servisofts\AppData\Local\GitHubDesktop\bin;C:\Users\servisofts\AppData\Local\nvm;C:\nvm4w\nodejs;
USERNAME=servisofts
OS=Windows_NT
PROCESSOR_IDENTIFIER=Intel64 Family 6 Model 94 Stepping 3, GenuineIntel
TMP=C:\Users\SERVIS~1\AppData\Local\Temp
TEMP=C:\Users\SERVIS~1\AppData\Local\Temp




Periodic native trim disabled

---------------  S Y S T E M  ---------------

OS:
 Windows 10 , 64 bit Build 19041 (10.0.19041.5915)
OS uptime: 0 days 9:55 hours

CPU: total 4 (initial active 4) (4 cores per cpu, 1 threads per core) family 6 model 94 stepping 3 microcode 0xcc, cx8, cmov, fxsr, mmx, 3dnowpref, sse, sse2, sse3, ssse3, sse4.1, sse4.2, popcnt, lzcnt, tsc, tscinvbit, avx, avx2, aes, erms, clmul, bmi1, bmi2, adx, fma, vzeroupper, clflush, clflushopt, rdtscp, f16c
Processor Information for the first 4 processors :
  Max Mhz: 2701, Current Mhz: 2701, Mhz Limit: 2701

Memory: 4k page, system-wide physical 16323M (731M free)
TotalPageFile size 44857M (AvailPageFile size 30M)
current process WorkingSet (physical memory assigned to process): 129M, peak: 131M
current process commit charge ("private bytes"): 256M, peak: 259M

vm_info: OpenJDK 64-Bit Server VM (21.0.8+9-LTS) for windows-amd64 JRE (21.0.8+9-LTS), built on 2025-07-15T00:00:00Z by "admin" with MS VC++ 17.7 (VS2022)

END.
